,Unnamed: 0,Start_Base,End_Base,Event,runner_id,runner_name,pitcher_id,pitcher_name,batter_id,batter_name,pitch_hand,credit,credit_id,homeScore,awayScore,inning,isTopInning,Date,Action,Base,Year,Current_Year_x,Sprint_x,Current_Year_y,Sprint_y
0,0,2B,,Caught Stealing 3B,500743,Miguel Rojas,592662,Robbie Ray,595751,Jorge Alfaro,L,Reese McGuire,624512,1,2,5,False,2020-09-01,Caught,3B,2020,2021,26.6,2021,26.6
1,1,1B,2B,Stolen Base 2B,623205,Andrew Velazquez,543699,Tanner Roark,578428,Jose Iglesias,R,Reese McGuire,624512,1,1,5,True,2020-08-30,Stolen,2B,2020,2021,26.6,2021,26.6
2,2,3B,,Caught Stealing Home,592863,Mason Williams,641743,Anthony Kay,623205,Andrew Velazquez,L,Reese McGuire,624512,3,4,6,True,2020-08-30,Caught,Home,2020,2021,26.6,2021,26.6
3,3,1B,2B,Stolen Base 2B,596451,Roman Quinn,502624,Chase Anderson,457705,Andrew McCutchen,R,Reese McGuire,624512,0,2,3,True,2020-08-20,Stolen,2B,2020,2021,26.6,2021,26.6
4,4,1B,2B,Stolen Base 2B,596451,Roman Quinn,502624,Chase Anderson,457705,Andrew McCutchen,R,Reese McGuire,624512,0,2,3,True,2020-08-01,Stolen,2B,2020,2021,26.6,2021,26.6
5,5,2B,,Caught Stealing 3B,500743,Miguel Rojas,592662,Robbie Ray,595751,Jorge Alfaro,L,Reese McGuire,624512,1,2,5,False,2020-09-01,Caught,3B,2020,2021,26.6,2021,26.6
6,6,1B,2B,Stolen Base 2B,623205,Andrew Velazquez,543699,Tanner Roark,578428,Jose Iglesias,R,Reese McGuire,624512,1,1,5,True,2020-08-30,Stolen,2B,2020,2021,26.6,2021,26.6
7,7,3B,,Caught Stealing Home,592863,Mason Williams,641743,Anthony Kay,623205,Andrew Velazquez,L,Reese McGuire,624512,3,4,6,True,2020-08-30,Caught,Home,2020,2021,26.6,2021,26.6
8,8,1B,2B,Stolen Base 2B,596451,Roman Quinn,502624,Chase Anderson,457705,Andrew McCutchen,R,Reese McGuire,624512,0,2,3,True,2020-08-20,Stolen,2B,2020,2021,26.6,2021,26.6
9,9,1B,2B,Stolen Base 2B,596451,Roman Quinn,502624,Chase Anderson,457705,Andrew McCutchen,R,Reese McGuire,624512,0,2,3,True,2020-08-01,Stolen,2B,2020,2021,26.6,2021,26.6
10,10,2B,,Caught Stealing 3B,500743,Miguel Rojas,592662,Robbie Ray,595751,Jorge Alfaro,L,Reese McGuire,624512,1,2,5,False,2020-09-01,Caught,3B,2020,2021,26.6,2021,26.6
11,11,1B,2B,Stolen Base 2B,623205,Andrew Velazquez,543699,Tanner Roark,578428,Jose Iglesias,R,Reese McGuire,624512,1,1,5,True,2020-08-30,Stolen,2B,2020,2021,26.6,2021,26.6
12,12,3B,,Caught Stealing Home,592863,Mason Williams,641743,Anthony Kay,623205,Andrew Velazquez,L,Reese McGuire,624512,3,4,6,True,2020-08-30,Caught,Home,2020,2021,26.6,2021,26.6
13,13,1B,2B,Stolen Base 2B,596451,Roman Quinn,502624,Chase Anderson,457705,Andrew McCutchen,R,Reese McGuire,624512,0,2,3,True,2020-08-20,Stolen,2B,2020,2021,26.6,2021,26.6
14,14,1B,2B,Stolen Base 2B,596451,Roman Quinn,502624,Chase Anderson,457705,Andrew McCutchen,R,Reese McGuire,624512,0,2,3,True,2020-08-01,Stolen,2B,2020,2021,26.6,2021,26.6
15,15,2B,3B,Stolen Base 3B,542340,Jonathan Villar,592779,Brock Stewart,641820,Trey Mancini,R,Reese McGuire,624512,9,5,8,False,2019-09-18,Stolen,3B,2019,2020,26.4,2020,26.4
16,16,2B,3B,Stolen Base 3B,518934,DJ LeMahieu,571882,Derek Law,592450,Aaron Judge,R,Reese McGuire,624512,6,4,7,True,2019-09-15,Stolen,3B,2019,2020,26.4,2020,26.4
17,17,1B,,Caught Stealing 2B,457727,Cameron Maybin,572193,Ryan Tepera,458731,Brett Gardner,R,Reese McGuire,624512,5,5,10,True,2019-09-13,Caught,2B,2019,2020,26.4,2020,26.4
18,18,1B,2B,Stolen Base 2B,605141,Mookie Betts,605447,Jordan Romano,571788,Brock Holt,R,Reese McGuire,624512,2,5,7,True,2019-09-12,Stolen,2B,2019,2020,26.4,2020,26.4
19,19,1B,2B,Stolen Base 2B,643217,Andrew Benintendi,596101,Justin Shafer,543877,Christian Vázquez,R,Reese McGuire,624512,2,3,5,True,2019-09-10,Stolen,2B,2019,2020,26.4,2020,26.4
20,20,1B,2B,Stolen Base 2B,491676,Gorkys Hernández,571704,Ken Giles,593523,Marco Hernández,R,Reese McGuire,624512,4,3,9,True,2019-09-10,Stolen,2B,2019,2020,26.4,2020,26.4
21,21,1B,,Caught Stealing 2B,621002,Daniel Robertson,592779,Brock Stewart,621563,Joey Wendle,R,Reese McGuire,624512,4,2,6,False,2019-09-05,Caught,2B,2019,2020,26.4,2020,26.4
22,22,2B,3B,Stolen Base 3B,502054,Tommy Pham,592094,Jason Adam,518595,Travis d'Arnaud,R,Reese McGuire,624512,5,4,7,False,2019-09-05,Stolen,3B,2019,2020,26.4,2020,26.4
23,23,1B,2B,Stolen Base 2B,571740,Billy Hamilton,643327,Zack Godley,660670,Ronald Acuña Jr.,R,Reese McGuire,624512,2,0,5,True,2019-08-27,Stolen,2B,2019,2020,26.4,2020,26.4
24,24,1B,2B,Stolen Base 2B,605480,Mallex Smith,663423,Trent Thornton,543592,Austin Nola,R,Reese McGuire,624512,0,2,1,False,2019-08-23,Stolen,2B,2019,2020,26.4,2020,26.4
25,25,1B,2B,Stolen Base 2B,605480,Mallex Smith,519166,Neil Ramírez,543592,Austin Nola,R,Reese McGuire,624512,7,4,7,False,2019-08-23,Stolen,2B,2019,2020,26.4,2020,26.4
26,26,1B,2B,Stolen Base 2B,571970,Max Muncy,571704,Ken Giles,457759,Justin Turner,R,Reese McGuire,624512,1,0,8,False,2019-08-21,Stolen,2B,2019,2020,26.4,2020,26.4
27,27,1B,,Caught Stealing 2B,543829,Dee Strange-Gordon,663423,Trent Thornton,542979,Keon Broxton,R,Reese McGuire,624512,2,3,6,True,2019-08-17,Caught,2B,2019,2020,26.4,2020,26.4
28,28,1B,2B,Stolen Base 2B,452254,Hunter Pence,571882,Derek Law,596059,Rougned Odor,R,Reese McGuire,624512,3,0,8,True,2019-08-13,Stolen,2B,2019,2020,26.4,2020,26.4
29,29,1B,,Caught Stealing 2B,519222,Austin Romine,543208,Sam Gaviglio,518934,DJ LeMahieu,R,Reese McGuire,624512,0,1,8,True,2019-08-11,Caught,2B,2019,2020,26.4,2020,26.4
30,30,2B,3B,Stolen Base 3B,519299,Eric Sogard,521655,Wilmer Font,572287,Mike Zunino,R,Reese McGuire,624512,0,0,2,False,2019-08-07,Stolen,3B,2019,2020,26.4,2020,26.4
31,31,1B,2B,Stolen Base 2B,670712,Mike Brosseau,521655,Wilmer Font,572287,Mike Zunino,R,Reese McGuire,624512,0,0,2,False,2019-08-07,Stolen,2B,2019,2020,26.4,2020,26.4
32,32,1B,2B,Stolen Base 2B,542340,Jonathan Villar,623381,Thomas Pannone,448801,Chris Davis,L,Reese McGuire,624512,0,1,2,False,2019-08-03,Stolen,2B,2019,2020,26.4,2020,26.4
33,33,2B,3B,Stolen Base 3B,542340,Jonathan Villar,592779,Brock Stewart,641820,Trey Mancini,R,Reese McGuire,624512,9,5,8,False,2019-09-18,Stolen,3B,2019,2020,26.4,2020,26.4
34,34,2B,3B,Stolen Base 3B,518934,DJ LeMahieu,571882,Derek Law,592450,Aaron Judge,R,Reese McGuire,624512,6,4,7,True,2019-09-15,Stolen,3B,2019,2020,26.4,2020,26.4
35,35,1B,,Caught Stealing 2B,457727,Cameron Maybin,572193,Ryan Tepera,458731,Brett Gardner,R,Reese McGuire,624512,5,5,10,True,2019-09-13,Caught,2B,2019,2020,26.4,2020,26.4
36,36,1B,2B,Stolen Base 2B,605141,Mookie Betts,605447,Jordan Romano,571788,Brock Holt,R,Reese McGuire,624512,2,5,7,True,2019-09-12,Stolen,2B,2019,2020,26.4,2020,26.4
37,37,1B,2B,Stolen Base 2B,643217,Andrew Benintendi,596101,Justin Shafer,543877,Christian Vázquez,R,Reese McGuire,624512,2,3,5,True,2019-09-10,Stolen,2B,2019,2020,26.4,2020,26.4
38,38,1B,2B,Stolen Base 2B,491676,Gorkys Hernández,571704,Ken Giles,593523,Marco Hernández,R,Reese McGuire,624512,4,3,9,True,2019-09-10,Stolen,2B,2019,2020,26.4,2020,26.4
39,39,1B,,Caught Stealing 2B,621002,Daniel Robertson,592779,Brock Stewart,621563,Joey Wendle,R,Reese McGuire,624512,4,2,6,False,2019-09-05,Caught,2B,2019,2020,26.4,2020,26.4
40,40,2B,3B,Stolen Base 3B,502054,Tommy Pham,592094,Jason Adam,518595,Travis d'Arnaud,R,Reese McGuire,624512,5,4,7,False,2019-09-05,Stolen,3B,2019,2020,26.4,2020,26.4
41,41,1B,2B,Stolen Base 2B,571740,Billy Hamilton,643327,Zack Godley,660670,Ronald Acuña Jr.,R,Reese McGuire,624512,2,0,5,True,2019-08-27,Stolen,2B,2019,2020,26.4,2020,26.4
42,42,1B,2B,Stolen Base 2B,605480,Mallex Smith,663423,Trent Thornton,543592,Austin Nola,R,Reese McGuire,624512,0,2,1,False,2019-08-23,Stolen,2B,2019,2020,26.4,2020,26.4
43,43,1B,2B,Stolen Base 2B,605480,Mallex Smith,519166,Neil Ramírez,543592,Austin Nola,R,Reese McGuire,624512,7,4,7,False,2019-08-23,Stolen,2B,2019,2020,26.4,2020,26.4
44,44,1B,2B,Stolen Base 2B,571970,Max Muncy,571704,Ken Giles,457759,Justin Turner,R,Reese McGuire,624512,1,0,8,False,2019-08-21,Stolen,2B,2019,2020,26.4,2020,26.4
45,45,1B,,Caught Stealing 2B,543829,Dee Strange-Gordon,663423,Trent Thornton,542979,Keon Broxton,R,Reese McGuire,624512,2,3,6,True,2019-08-17,Caught,2B,2019,2020,26.4,2020,26.4
46,46,1B,2B,Stolen Base 2B,452254,Hunter Pence,571882,Derek Law,596059,Rougned Odor,R,Reese McGuire,624512,3,0,8,True,2019-08-13,Stolen,2B,2019,2020,26.4,2020,26.4
47,47,1B,,Caught Stealing 2B,519222,Austin Romine,543208,Sam Gaviglio,518934,DJ LeMahieu,R,Reese McGuire,624512,0,1,8,True,2019-08-11,Caught,2B,2019,2020,26.4,2020,26.4
48,48,2B,3B,Stolen Base 3B,519299,Eric Sogard,521655,Wilmer Font,572287,Mike Zunino,R,Reese McGuire,624512,0,0,2,False,2019-08-07,Stolen,3B,2019,2020,26.4,2020,26.4
49,49,1B,2B,Stolen Base 2B,670712,Mike Brosseau,521655,Wilmer Font,572287,Mike Zunino,R,Reese McGuire,624512,0,0,2,False,2019-08-07,Stolen,2B,2019,2020,26.4,2020,26.4
50,50,1B,2B,Stolen Base 2B,542340,Jonathan Villar,623381,Thomas Pannone,448801,Chris Davis,L,Reese McGuire,624512,0,1,2,False,2019-08-03,Stolen,2B,2019,2020,26.4,2020,26.4
51,51,2B,3B,Stolen Base 3B,542340,Jonathan Villar,592779,Brock Stewart,641820,Trey Mancini,R,Reese McGuire,624512,9,5,8,False,2019-09-18,Stolen,3B,2019,2020,26.4,2020,26.4
52,52,2B,3B,Stolen Base 3B,518934,DJ LeMahieu,571882,Derek Law,592450,Aaron Judge,R,Reese McGuire,624512,6,4,7,True,2019-09-15,Stolen,3B,2019,2020,26.4,2020,26.4
53,53,1B,,Caught Stealing 2B,457727,Cameron Maybin,572193,Ryan Tepera,458731,Brett Gardner,R,Reese McGuire,624512,5,5,10,True,2019-09-13,Caught,2B,2019,2020,26.4,2020,26.4
54,54,1B,2B,Stolen Base 2B,605141,Mookie Betts,605447,Jordan Romano,571788,Brock Holt,R,Reese McGuire,624512,2,5,7,True,2019-09-12,Stolen,2B,2019,2020,26.4,2020,26.4
55,55,1B,2B,Stolen Base 2B,643217,Andrew Benintendi,596101,Justin Shafer,543877,Christian Vázquez,R,Reese McGuire,624512,2,3,5,True,2019-09-10,Stolen,2B,2019,2020,26.4,2020,26.4
56,56,1B,2B,Stolen Base 2B,491676,Gorkys Hernández,571704,Ken Giles,593523,Marco Hernández,R,Reese McGuire,624512,4,3,9,True,2019-09-10,Stolen,2B,2019,2020,26.4,2020,26.4
57,57,1B,,Caught Stealing 2B,621002,Daniel Robertson,592779,Brock Stewart,621563,Joey Wendle,R,Reese McGuire,624512,4,2,6,False,2019-09-05,Caught,2B,2019,2020,26.4,2020,26.4
58,58,2B,3B,Stolen Base 3B,502054,Tommy Pham,592094,Jason Adam,518595,Travis d'Arnaud,R,Reese McGuire,624512,5,4,7,False,2019-09-05,Stolen,3B,2019,2020,26.4,2020,26.4
59,59,1B,2B,Stolen Base 2B,571740,Billy Hamilton,643327,Zack Godley,660670,Ronald Acuña Jr.,R,Reese McGuire,624512,2,0,5,True,2019-08-27,Stolen,2B,2019,2020,26.4,2020,26.4
60,60,1B,2B,Stolen Base 2B,605480,Mallex Smith,663423,Trent Thornton,543592,Austin Nola,R,Reese McGuire,624512,0,2,1,False,2019-08-23,Stolen,2B,2019,2020,26.4,2020,26.4
61,61,1B,2B,Stolen Base 2B,605480,Mallex Smith,519166,Neil Ramírez,543592,Austin Nola,R,Reese McGuire,624512,7,4,7,False,2019-08-23,Stolen,2B,2019,2020,26.4,2020,26.4
62,62,1B,2B,Stolen Base 2B,571970,Max Muncy,571704,Ken Giles,457759,Justin Turner,R,Reese McGuire,624512,1,0,8,False,2019-08-21,Stolen,2B,2019,2020,26.4,2020,26.4
63,63,1B,,Caught Stealing 2B,543829,Dee Strange-Gordon,663423,Trent Thornton,542979,Keon Broxton,R,Reese McGuire,624512,2,3,6,True,2019-08-17,Caught,2B,2019,2020,26.4,2020,26.4
64,64,1B,2B,Stolen Base 2B,452254,Hunter Pence,571882,Derek Law,596059,Rougned Odor,R,Reese McGuire,624512,3,0,8,True,2019-08-13,Stolen,2B,2019,2020,26.4,2020,26.4
65,65,1B,,Caught Stealing 2B,519222,Austin Romine,543208,Sam Gaviglio,518934,DJ LeMahieu,R,Reese McGuire,624512,0,1,8,True,2019-08-11,Caught,2B,2019,2020,26.4,2020,26.4
66,66,2B,3B,Stolen Base 3B,519299,Eric Sogard,521655,Wilmer Font,572287,Mike Zunino,R,Reese McGuire,624512,0,0,2,False,2019-08-07,Stolen,3B,2019,2020,26.4,2020,26.4
67,67,1B,2B,Stolen Base 2B,670712,Mike Brosseau,521655,Wilmer Font,572287,Mike Zunino,R,Reese McGuire,624512,0,0,2,False,2019-08-07,Stolen,2B,2019,2020,26.4,2020,26.4
68,68,1B,2B,Stolen Base 2B,542340,Jonathan Villar,623381,Thomas Pannone,448801,Chris Davis,L,Reese McGuire,624512,0,1,2,False,2019-08-03,Stolen,2B,2019,2020,26.4,2020,26.4
69,69,1B,2B,Stolen Base 2B,668227,Randy Arozarena,621244,José Berríos,621563,Joey Wendle,R,Reese McGuire,624512,0,1,2,True,2021-09-14,Stolen,2B,2021,2022,26.4,2022,26.4
70,70,1B,2B,Stolen Base 2B,623205,Andrew Velazquez,571927,Steven Matz,518934,DJ LeMahieu,L,Reese McGuire,624512,0,1,3,False,2021-09-07,Stolen,2B,2021,2022,26.4,2022,26.4
71,71,1B,2B,Stolen Base 2B,641584,Jake Fraley,642048,Tayler Saucedo,641487,J.P. Crawford,L,Reese McGuire,624512,6,3,7,False,2021-08-14,Stolen,2B,2021,2022,26.4,2022,26.4
72,72,1B,,Caught Stealing 2B,666176,Jo Adell,663423,Trent Thornton,669016,Brandon Marsh,R,Reese McGuire,624512,6,2,5,False,2021-08-12,Caught,2B,2021,2022,26.4,2022,26.4
73,73,2B,3B,Stolen Base 3B,664058,David Fletcher,571927,Steven Matz,594838,Phil Gosselin,L,Reese McGuire,624512,0,0,1,True,2021-08-10,Stolen,3B,2021,2022,26.4,2022,26.4
74,74,1B,2B,Stolen Base 2B,457708,Justin Upton,571927,Steven Matz,666176,Jo Adell,L,Reese McGuire,624512,0,2,3,True,2021-08-10,Stolen,2B,2021,2022,26.4,2022,26.4
75,75,1B,2B,Stolen Base 2B,660271,Shohei Ohtani,503569,Rafael Dolis,594838,Phil Gosselin,R,Reese McGuire,624512,3,6,6,True,2021-08-10,Stolen,2B,2021,2022,26.4,2022,26.4
76,76,2B,,Caught Stealing 3B,543877,Christian Vázquez,670950,Trevor Richards,614173,Franchy Cordero,R,Reese McGuire,624512,1,1,7,True,2021-08-07,Caught,3B,2021,2022,26.4,2022,26.4
77,77,1B,2B,Stolen Base 2B,642708,Amed Rosario,571927,Steven Matz,614177,Franmil Reyes,L,Reese McGuire,624512,0,0,1,True,2021-08-04,Stolen,2B,2021,2022,26.4,2022,26.4
78,78,1B,,Caught Stealing 2B,543877,Christian Vázquez,605447,Jordan Romano,614173,Franchy Cordero,R,Reese McGuire,624512,5,4,8,False,2021-07-26,Caught,2B,2021,2022,26.4,2022,26.4
79,79,2B,,Caught Stealing 3B,543877,Christian Vázquez,670950,Trevor Richards,614173,Franchy Cordero,R,Reese McGuire,624512,1,1,7,True,2021-07-20,Caught,3B,2021,2022,26.4,2022,26.4
80,80,1B,2B,Stolen Base 2B,664238,Dylan Moore,663423,Trent Thornton,666211,Taylor Trammell,R,Reese McGuire,624512,3,4,4,True,2021-06-30,Stolen,2B,2021,2022,26.4,2022,26.4
81,81,1B,2B,Stolen Base 2B,516782,Starling Marte,592662,Robbie Ray,594807,Adam Duvall,L,Reese McGuire,624512,0,2,1,False,2021-06-23,Stolen,2B,2021,2022,26.4,2022,26.4
82,82,1B,,Caught Stealing 2B,516782,Starling Marte,605447,Jordan Romano,542583,Jesús Aguilar,R,Reese McGuire,624512,1,2,9,False,2021-06-22,Caught,2B,2021,2022,26.4,2022,26.4
83,83,1B,2B,Stolen Base 2B,669720,Austin Hays,663423,Trent Thornton,623993,Anthony Santander,R,Reese McGuire,624512,2,1,5,False,2021-06-18,Stolen,2B,2021,2022,26.4,2022,26.4
84,84,1B,2B,Stolen Base 2B,543877,Christian Vázquez,571927,Steven Matz,666915,Bobby Dalbec,L,Reese McGuire,624512,0,2,2,False,2021-06-12,Stolen,2B,2021,2022,26.4,2022,26.4
85,85,1B,2B,Stolen Base 2B,641313,Tim Anderson,605447,Jordan Romano,571875,Jake Lamb,R,Reese McGuire,624512,2,4,8,False,2021-06-09,Stolen,2B,2021,2022,26.4,2022,26.4
86,86,2B,3B,Stolen Base 3B,641313,Tim Anderson,605447,Jordan Romano,571875,Jake Lamb,R,Reese McGuire,624512,2,4,8,False,2021-06-09,Stolen,3B,2021,2022,26.4,2022,26.4
87,87,1B,2B,Stolen Base 2B,664702,Myles Straw,548389,Ross Stripling,455117,Martín Maldonado,R,Reese McGuire,624512,0,0,3,True,2021-06-05,Stolen,2B,2021,2022,26.4,2022,26.4
88,88,2B,3B,Stolen Base 3B,514888,Jose Altuve,548389,Ross Stripling,621043,Carlos Correa,R,Reese McGuire,624512,0,0,3,True,2021-06-05,Stolen,3B,2021,2022,26.4,2022,26.4
89,89,2B,3B,Stolen Base 3B,516782,Starling Marte,592662,Robbie Ray,542583,Jesús Aguilar,L,Reese McGuire,624512,3,1,5,True,2021-06-01,Stolen,3B,2021,2022,26.4,2022,26.4
90,90,1B,2B,Stolen Base 2B,664040,Brandon Lowe,676886,Jeremy Beasley,622534,Manuel Margot,R,Reese McGuire,624512,5,5,12,True,2021-05-21,Stolen,2B,2021,2022,26.4,2022,26.4
91,91,2B,3B,Stolen Base 3B,664058,David Fletcher,571927,Steven Matz,594838,Phil Gosselin,L,Reese McGuire,624512,0,0,1,True,2021-04-11,Stolen,3B,2021,2022,26.4,2022,26.4
92,92,1B,2B,Stolen Base 2B,457708,Justin Upton,571927,Steven Matz,666176,Jo Adell,L,Reese McGuire,624512,0,2,3,True,2021-04-11,Stolen,2B,2021,2022,26.4,2022,26.4
93,93,1B,2B,Stolen Base 2B,660271,Shohei Ohtani,503569,Rafael Dolis,594838,Phil Gosselin,R,Reese McGuire,624512,3,6,6,True,2021-04-11,Stolen,2B,2021,2022,26.4,2022,26.4
94,94,1B,2B,Stolen Base 2B,668227,Randy Arozarena,621244,José Berríos,621563,Joey Wendle,R,Reese McGuire,624512,0,1,2,True,2021-09-14,Stolen,2B,2021,2022,26.4,2022,26.4
95,95,1B,2B,Stolen Base 2B,623205,Andrew Velazquez,571927,Steven Matz,518934,DJ LeMahieu,L,Reese McGuire,624512,0,1,3,False,2021-09-07,Stolen,2B,2021,2022,26.4,2022,26.4
96,96,1B,2B,Stolen Base 2B,641584,Jake Fraley,642048,Tayler Saucedo,641487,J.P. Crawford,L,Reese McGuire,624512,6,3,7,False,2021-08-14,Stolen,2B,2021,2022,26.4,2022,26.4
97,97,1B,,Caught Stealing 2B,666176,Jo Adell,663423,Trent Thornton,669016,Brandon Marsh,R,Reese McGuire,624512,6,2,5,False,2021-08-12,Caught,2B,2021,2022,26.4,2022,26.4
98,98,2B,3B,Stolen Base 3B,664058,David Fletcher,571927,Steven Matz,594838,Phil Gosselin,L,Reese McGuire,624512,0,0,1,True,2021-08-10,Stolen,3B,2021,2022,26.4,2022,26.4
99,99,1B,2B,Stolen Base 2B,457708,Justin Upton,571927,Steven Matz,666176,Jo Adell,L,Reese McGuire,624512,0,2,3,True,2021-08-10,Stolen,2B,2021,2022,26.4,2022,26.4
100,100,1B,2B,Stolen Base 2B,660271,Shohei Ohtani,503569,Rafael Dolis,594838,Phil Gosselin,R,Reese McGuire,624512,3,6,6,True,2021-08-10,Stolen,2B,2021,2022,26.4,2022,26.4
101,101,2B,,Caught Stealing 3B,543877,Christian Vázquez,670950,Trevor Richards,614173,Franchy Cordero,R,Reese McGuire,624512,1,1,7,True,2021-08-07,Caught,3B,2021,2022,26.4,2022,26.4
102,102,1B,2B,Stolen Base 2B,642708,Amed Rosario,571927,Steven Matz,614177,Franmil Reyes,L,Reese McGuire,624512,0,0,1,True,2021-08-04,Stolen,2B,2021,2022,26.4,2022,26.4
103,103,1B,,Caught Stealing 2B,543877,Christian Vázquez,605447,Jordan Romano,614173,Franchy Cordero,R,Reese McGuire,624512,5,4,8,False,2021-07-26,Caught,2B,2021,2022,26.4,2022,26.4
104,104,2B,,Caught Stealing 3B,543877,Christian Vázquez,670950,Trevor Richards,614173,Franchy Cordero,R,Reese McGuire,624512,1,1,7,True,2021-07-20,Caught,3B,2021,2022,26.4,2022,26.4
105,105,1B,2B,Stolen Base 2B,664238,Dylan Moore,663423,Trent Thornton,666211,Taylor Trammell,R,Reese McGuire,624512,3,4,4,True,2021-06-30,Stolen,2B,2021,2022,26.4,2022,26.4
106,106,1B,2B,Stolen Base 2B,516782,Starling Marte,592662,Robbie Ray,594807,Adam Duvall,L,Reese McGuire,624512,0,2,1,False,2021-06-23,Stolen,2B,2021,2022,26.4,2022,26.4
107,107,1B,,Caught Stealing 2B,516782,Starling Marte,605447,Jordan Romano,542583,Jesús Aguilar,R,Reese McGuire,624512,1,2,9,False,2021-06-22,Caught,2B,2021,2022,26.4,2022,26.4
108,108,1B,2B,Stolen Base 2B,669720,Austin Hays,663423,Trent Thornton,623993,Anthony Santander,R,Reese McGuire,624512,2,1,5,False,2021-06-18,Stolen,2B,2021,2022,26.4,2022,26.4
109,109,1B,2B,Stolen Base 2B,543877,Christian Vázquez,571927,Steven Matz,666915,Bobby Dalbec,L,Reese McGuire,624512,0,2,2,False,2021-06-12,Stolen,2B,2021,2022,26.4,2022,26.4
110,110,1B,2B,Stolen Base 2B,641313,Tim Anderson,605447,Jordan Romano,571875,Jake Lamb,R,Reese McGuire,624512,2,4,8,False,2021-06-09,Stolen,2B,2021,2022,26.4,2022,26.4
111,111,2B,3B,Stolen Base 3B,641313,Tim Anderson,605447,Jordan Romano,571875,Jake Lamb,R,Reese McGuire,624512,2,4,8,False,2021-06-09,Stolen,3B,2021,2022,26.4,2022,26.4
112,112,1B,2B,Stolen Base 2B,664702,Myles Straw,548389,Ross Stripling,455117,Martín Maldonado,R,Reese McGuire,624512,0,0,3,True,2021-06-05,Stolen,2B,2021,2022,26.4,2022,26.4
113,113,2B,3B,Stolen Base 3B,514888,Jose Altuve,548389,Ross Stripling,621043,Carlos Correa,R,Reese McGuire,624512,0,0,3,True,2021-06-05,Stolen,3B,2021,2022,26.4,2022,26.4
114,114,2B,3B,Stolen Base 3B,516782,Starling Marte,592662,Robbie Ray,542583,Jesús Aguilar,L,Reese McGuire,624512,3,1,5,True,2021-06-01,Stolen,3B,2021,2022,26.4,2022,26.4
115,115,1B,2B,Stolen Base 2B,664040,Brandon Lowe,676886,Jeremy Beasley,622534,Manuel Margot,R,Reese McGuire,624512,5,5,12,True,2021-05-21,Stolen,2B,2021,2022,26.4,2022,26.4
116,116,2B,3B,Stolen Base 3B,664058,David Fletcher,571927,Steven Matz,594838,Phil Gosselin,L,Reese McGuire,624512,0,0,1,True,2021-04-11,Stolen,3B,2021,2022,26.4,2022,26.4
117,117,1B,2B,Stolen Base 2B,457708,Justin Upton,571927,Steven Matz,666176,Jo Adell,L,Reese McGuire,624512,0,2,3,True,2021-04-11,Stolen,2B,2021,2022,26.4,2022,26.4
118,118,1B,2B,Stolen Base 2B,660271,Shohei Ohtani,503569,Rafael Dolis,594838,Phil Gosselin,R,Reese McGuire,624512,3,6,6,True,2021-04-11,Stolen,2B,2021,2022,26.4,2022,26.4
119,119,1B,2B,Stolen Base 2B,622761,Jorge Mateo,670174,Josh Winckowski,656811,Ryan O'Hearn,R,Reese McGuire,624512,0,0,7,False,2023-09-30,Stolen,2B,2023,2024,25.8,2024,25.8
120,120,1B,2B,Stolen Base 2B,622761,Jorge Mateo,661440,Mauricio Llovera,623993,Anthony Santander,R,Reese McGuire,624512,5,1,8,False,2023-09-30,Stolen,2B,2023,2024,25.8,2024,25.8
121,121,1B,,Caught Stealing 2B,672820,Lenyn Sosa,601713,Nick Pivetta,686676,Korey Lee,R,Reese McGuire,624512,0,0,5,True,2023-09-23,Caught,2B,2023,2024,25.8,2024,25.8
122,122,1B,2B,Stolen Base 2B,683011,Anthony Volpe,661440,Mauricio Llovera,643396,Isiah Kiner-Falefa,R,Reese McGuire,624512,2,3,6,True,2023-09-12,Stolen,2B,2023,2024,25.8,2024,25.8
123,123,1B,2B,Stolen Base 2B,683011,Anthony Volpe,661440,Mauricio Llovera,643396,Isiah Kiner-Falefa,R,Reese McGuire,624512,2,3,6,True,2023-09-11,Stolen,2B,2023,2024,25.8,2024,25.8
124,124,1B,2B,Stolen Base 2B,656775,Cedric Mullins,678394,Brayan Bello,669720,Austin Hays,R,Reese McGuire,624512,0,0,2,True,2023-09-10,Stolen,2B,2023,2024,25.8,2024,25.8
125,125,1B,2B,Stolen Base 2B,660644,Vidal Bruján,682175,Joe Jacques,666018,Jonathan Aranda,L,Reese McGuire,624512,5,2,5,False,2023-09-05,Stolen,2B,2023,2024,25.8,2024,25.8
126,126,2B,3B,Stolen Base 3B,666139,Josh Lowe,678394,Brayan Bello,664040,Brandon Lowe,R,Reese McGuire,624512,2,0,1,False,2023-09-04,Stolen,3B,2023,2024,25.8,2024,25.8
127,127,1B,2B,Stolen Base 2B,668227,Randy Arozarena,678394,Brayan Bello,664040,Brandon Lowe,R,Reese McGuire,624512,2,0,1,False,2023-09-04,Stolen,2B,2023,2024,25.8,2024,25.8
128,128,1B,,Caught Stealing 2B,660644,Vidal Bruján,678394,Brayan Bello,542194,Christian Bethancourt,R,Reese McGuire,624512,3,1,5,False,2023-09-04,Caught,2B,2023,2024,25.8,2024,25.8
129,129,1B,2B,Stolen Base 2B,643289,Mauricio Dubón,678394,Brayan Bello,665161,Jeremy Peña,R,Reese McGuire,624512,1,2,5,True,2023-08-29,Stolen,2B,2023,2024,25.8,2024,25.8
130,130,1B,,Caught Stealing 2B,663656,Kyle Tucker,682175,Joe Jacques,547989,José Abreu,L,Reese McGuire,624512,1,3,6,True,2023-08-29,Caught,2B,2023,2024,25.8,2024,25.8
131,131,1B,2B,Stolen Base 2B,642708,Amed Rosario,572020,James Paxton,571771,Enrique Hernández,L,Reese McGuire,624512,1,1,4,True,2023-08-26,Stolen,2B,2023,2024,25.8,2024,25.8
132,132,1B,2B,Stolen Base 2B,500743,Miguel Rojas,676710,Kutter Crawford,518692,Freddie Freeman,R,Reese McGuire,624512,3,0,3,True,2023-08-25,Stolen,2B,2023,2024,25.8,2024,25.8
133,133,1B,2B,Stolen Base 2B,641343,Jake Bauers,601713,Nick Pivetta,643396,Isiah Kiner-Falefa,R,Reese McGuire,624512,2,2,6,False,2023-08-20,Stolen,2B,2023,2024,25.8,2024,25.8
134,134,1B,2B,Stolen Base 2B,682928,CJ Abrams,601713,Nick Pivetta,657041,Lane Thomas,R,Reese McGuire,624512,0,1,1,False,2023-08-15,Stolen,2B,2023,2024,25.8,2024,25.8
135,135,1B,,Caught Stealing 2B,680118,Dairon Blanco,445276,Kenley Jansen,622110,Matt Duffy,R,Reese McGuire,624512,4,3,9,True,2023-08-09,Caught,2B,2023,2024,25.8,2024,25.8
136,136,2B,3B,Stolen Base 3B,671221,Drew Waters,678394,Brayan Bello,680118,Dairon Blanco,R,Reese McGuire,624512,1,0,5,True,2023-08-07,Stolen,3B,2023,2024,25.8,2024,25.8
137,137,1B,2B,Stolen Base 2B,641343,Jake Bauers,678394,Brayan Bello,650402,Gleyber Torres,R,Reese McGuire,624512,1,1,3,True,2023-06-18,Stolen,2B,2023,2024,25.8,2024,25.8
138,138,1B,2B,Stolen Base 2B,683011,Anthony Volpe,678394,Brayan Bello,641343,Jake Bauers,R,Reese McGuire,624512,4,1,7,True,2023-06-18,Stolen,2B,2023,2024,25.8,2024,25.8
139,139,2B,3B,Stolen Base 3B,677551,Wander Franco,676477,Garrett Whitlock,664040,Brandon Lowe,R,Reese McGuire,624512,0,0,1,True,2023-06-03,Stolen,3B,2023,2024,25.8,2024,25.8
140,140,1B,2B,Stolen Base 2B,672284,Jarred Kelenic,657514,Brennan Bernardino,553993,Eugenio Suárez,L,Reese McGuire,624512,0,3,6,True,2023-05-15,Stolen,2B,2023,2024,25.8,2024,25.8
141,141,1B,2B,Stolen Base 2B,571448,Nolan Arenado,446372,Corey Kluber,575929,Willson Contreras,R,Reese McGuire,624512,1,2,3,True,2023-05-14,Stolen,2B,2023,2024,25.8,2024,25.8
142,142,1B,2B,Stolen Base 2B,666182,Bo Bichette,446372,Corey Kluber,656305,Matt Chapman,R,Reese McGuire,624512,0,0,1,True,2023-05-01,Stolen,2B,2023,2024,25.8,2024,25.8
143,143,1B,2B,Stolen Base 2B,662139,Daulton Varsho,455119,Chris Martin,593160,Whit Merrifield,R,Reese McGuire,624512,5,3,7,True,2023-05-01,Stolen,2B,2023,2024,25.8,2024,25.8
144,144,1B,2B,Stolen Base 2B,686823,Will Brennan,601713,Nick Pivetta,664702,Myles Straw,R,Reese McGuire,624512,0,3,2,True,2023-04-28,Stolen,2B,2023,2024,25.8,2024,25.8
145,145,1B,2B,Stolen Base 2B,608070,José Ramírez,601713,Nick Pivetta,647304,Josh Naylor,R,Reese McGuire,624512,1,3,3,True,2023-04-28,Stolen,2B,2023,2024,25.8,2024,25.8
146,146,1B,2B,Stolen Base 2B,656775,Cedric Mullins,656557,Tanner Houck,623993,Anthony Santander,R,Reese McGuire,624512,4,1,4,False,2023-04-26,Stolen,2B,2023,2024,25.8,2024,25.8
147,147,1B,2B,Stolen Base 2B,592885,Christian Yelich,676477,Garrett Whitlock,642133,Rowdy Tellez,R,Reese McGuire,624512,3,0,3,False,2023-04-22,Stolen,2B,2023,2024,25.8,2024,25.8
148,148,1B,2B,Stolen Base 2B,680911,Owen Miller,601713,Nick Pivetta,592885,Christian Yelich,R,Reese McGuire,624512,1,2,3,False,2023-04-21,Stolen,2B,2023,2024,25.8,2024,25.8
149,149,1B,,Caught Stealing 2B,660271,Shohei Ohtani,676710,Kutter Crawford,621493,Taylor Ward,R,Reese McGuire,624512,1,5,6,True,2023-04-17,Caught,2B,2023,2024,25.8,2024,25.8
150,150,1B,2B,Stolen Base 2B,677551,Wander Franco,519242,Chris Sale,670623,Isaac Paredes,L,Reese McGuire,624512,0,0,1,False,2023-04-12,Stolen,2B,2023,2024,25.8,2024,25.8
151,151,1B,2B,Stolen Base 2B,666139,Josh Lowe,676477,Garrett Whitlock,660644,Vidal Bruján,R,Reese McGuire,624512,2,0,2,False,2023-04-11,Stolen,2B,2023,2024,25.8,2024,25.8
152,152,1B,,Caught Stealing 2B,660644,Vidal Bruján,676477,Garrett Whitlock,650490,Yandy Díaz,R,Reese McGuire,624512,2,0,2,False,2023-04-11,Caught,2B,2023,2024,25.8,2024,25.8
153,153,1B,,Caught Stealing 2B,668227,Randy Arozarena,676477,Garrett Whitlock,677551,Wander Franco,R,Reese McGuire,624512,2,0,3,False,2023-04-11,Caught,2B,2023,2024,25.8,2024,25.8
154,154,2B,3B,Stolen Base 3B,668804,Bryan Reynolds,677161,Zack Kelly,467793,Carlos Santana,R,Reese McGuire,624512,1,4,9,True,2023-04-05,Stolen,3B,2023,2024,25.8,2024,25.8
155,155,1B,2B,Stolen Base 2B,457705,Andrew McCutchen,677161,Zack Kelly,467793,Carlos Santana,R,Reese McGuire,624512,1,4,9,True,2023-04-05,Stolen,2B,2023,2024,25.8,2024,25.8
156,156,1B,2B,Stolen Base 2B,665833,Oneil Cruz,601713,Nick Pivetta,467793,Carlos Santana,R,Reese McGuire,624512,0,0,1,True,2023-04-04,Stolen,2B,2023,2024,25.8,2024,25.8
157,157,1B,2B,Stolen Base 2B,623168,Tyler Heineman,670174,Josh Winckowski,668804,Bryan Reynolds,R,Reese McGuire,624512,1,4,7,True,2023-04-04,Stolen,2B,2023,2024,25.8,2024,25.8
158,158,2B,3B,Stolen Base 3B,622761,Jorge Mateo,519242,Chris Sale,602104,Ramón Urías,L,Reese McGuire,624512,0,3,2,True,2023-04-01,Stolen,3B,2023,2024,25.8,2024,25.8
159,159,1B,2B,Stolen Base 2B,656775,Cedric Mullins,519242,Chris Sale,602104,Ramón Urías,L,Reese McGuire,624512,0,3,2,True,2023-04-01,Stolen,2B,2023,2024,25.8,2024,25.8
160,160,1B,2B,Stolen Base 2B,622761,Jorge Mateo,519242,Chris Sale,656775,Cedric Mullins,L,Reese McGuire,624512,1,7,3,True,2023-04-01,Stolen,2B,2023,2024,25.8,2024,25.8
161,161,1B,2B,Stolen Base 2B,663630,Ryan McKenna,519242,Chris Sale,602104,Ramón Urías,L,Reese McGuire,624512,1,7,3,True,2023-04-01,Stolen,2B,2023,2024,25.8,2024,25.8
162,162,1B,2B,Stolen Base 2B,669720,Austin Hays,445276,Kenley Jansen,683002,Gunnar Henderson,R,Reese McGuire,624512,7,8,9,True,2023-04-01,Stolen,2B,2023,2024,25.8,2024,25.8
163,163,1B,2B,Stolen Base 2B,622761,Jorge Mateo,670174,Josh Winckowski,656811,Ryan O'Hearn,R,Reese McGuire,624512,0,0,7,False,2023-09-30,Stolen,2B,2023,2024,25.8,2024,25.8
164,164,1B,2B,Stolen Base 2B,622761,Jorge Mateo,661440,Mauricio Llovera,623993,Anthony Santander,R,Reese McGuire,624512,5,1,8,False,2023-09-30,Stolen,2B,2023,2024,25.8,2024,25.8
165,165,1B,,Caught Stealing 2B,672820,Lenyn Sosa,601713,Nick Pivetta,686676,Korey Lee,R,Reese McGuire,624512,0,0,5,True,2023-09-23,Caught,2B,2023,2024,25.8,2024,25.8
166,166,1B,2B,Stolen Base 2B,683011,Anthony Volpe,661440,Mauricio Llovera,643396,Isiah Kiner-Falefa,R,Reese McGuire,624512,2,3,6,True,2023-09-12,Stolen,2B,2023,2024,25.8,2024,25.8
167,167,1B,2B,Stolen Base 2B,683011,Anthony Volpe,661440,Mauricio Llovera,643396,Isiah Kiner-Falefa,R,Reese McGuire,624512,2,3,6,True,2023-09-11,Stolen,2B,2023,2024,25.8,2024,25.8
168,168,1B,2B,Stolen Base 2B,656775,Cedric Mullins,678394,Brayan Bello,669720,Austin Hays,R,Reese McGuire,624512,0,0,2,True,2023-09-10,Stolen,2B,2023,2024,25.8,2024,25.8
169,169,1B,2B,Stolen Base 2B,660644,Vidal Bruján,682175,Joe Jacques,666018,Jonathan Aranda,L,Reese McGuire,624512,5,2,5,False,2023-09-05,Stolen,2B,2023,2024,25.8,2024,25.8
170,170,2B,3B,Stolen Base 3B,666139,Josh Lowe,678394,Brayan Bello,664040,Brandon Lowe,R,Reese McGuire,624512,2,0,1,False,2023-09-04,Stolen,3B,2023,2024,25.8,2024,25.8
171,171,1B,2B,Stolen Base 2B,668227,Randy Arozarena,678394,Brayan Bello,664040,Brandon Lowe,R,Reese McGuire,624512,2,0,1,False,2023-09-04,Stolen,2B,2023,2024,25.8,2024,25.8
172,172,1B,,Caught Stealing 2B,660644,Vidal Bruján,678394,Brayan Bello,542194,Christian Bethancourt,R,Reese McGuire,624512,3,1,5,False,2023-09-04,Caught,2B,2023,2024,25.8,2024,25.8
173,173,1B,2B,Stolen Base 2B,643289,Mauricio Dubón,678394,Brayan Bello,665161,Jeremy Peña,R,Reese McGuire,624512,1,2,5,True,2023-08-29,Stolen,2B,2023,2024,25.8,2024,25.8
174,174,1B,,Caught Stealing 2B,663656,Kyle Tucker,682175,Joe Jacques,547989,José Abreu,L,Reese McGuire,624512,1,3,6,True,2023-08-29,Caught,2B,2023,2024,25.8,2024,25.8
175,175,1B,2B,Stolen Base 2B,642708,Amed Rosario,572020,James Paxton,571771,Enrique Hernández,L,Reese McGuire,624512,1,1,4,True,2023-08-26,Stolen,2B,2023,2024,25.8,2024,25.8
176,176,1B,2B,Stolen Base 2B,500743,Miguel Rojas,676710,Kutter Crawford,518692,Freddie Freeman,R,Reese McGuire,624512,3,0,3,True,2023-08-25,Stolen,2B,2023,2024,25.8,2024,25.8
177,177,1B,2B,Stolen Base 2B,641343,Jake Bauers,601713,Nick Pivetta,643396,Isiah Kiner-Falefa,R,Reese McGuire,624512,2,2,6,False,2023-08-20,Stolen,2B,2023,2024,25.8,2024,25.8
178,178,1B,2B,Stolen Base 2B,682928,CJ Abrams,601713,Nick Pivetta,657041,Lane Thomas,R,Reese McGuire,624512,0,1,1,False,2023-08-15,Stolen,2B,2023,2024,25.8,2024,25.8
179,179,1B,,Caught Stealing 2B,680118,Dairon Blanco,445276,Kenley Jansen,622110,Matt Duffy,R,Reese McGuire,624512,4,3,9,True,2023-08-09,Caught,2B,2023,2024,25.8,2024,25.8
180,180,2B,3B,Stolen Base 3B,671221,Drew Waters,678394,Brayan Bello,680118,Dairon Blanco,R,Reese McGuire,624512,1,0,5,True,2023-08-07,Stolen,3B,2023,2024,25.8,2024,25.8
181,181,1B,2B,Stolen Base 2B,641343,Jake Bauers,678394,Brayan Bello,650402,Gleyber Torres,R,Reese McGuire,624512,1,1,3,True,2023-06-18,Stolen,2B,2023,2024,25.8,2024,25.8
182,182,1B,2B,Stolen Base 2B,683011,Anthony Volpe,678394,Brayan Bello,641343,Jake Bauers,R,Reese McGuire,624512,4,1,7,True,2023-06-18,Stolen,2B,2023,2024,25.8,2024,25.8
183,183,2B,3B,Stolen Base 3B,677551,Wander Franco,676477,Garrett Whitlock,664040,Brandon Lowe,R,Reese McGuire,624512,0,0,1,True,2023-06-03,Stolen,3B,2023,2024,25.8,2024,25.8
184,184,1B,2B,Stolen Base 2B,672284,Jarred Kelenic,657514,Brennan Bernardino,553993,Eugenio Suárez,L,Reese McGuire,624512,0,3,6,True,2023-05-15,Stolen,2B,2023,2024,25.8,2024,25.8
185,185,1B,2B,Stolen Base 2B,571448,Nolan Arenado,446372,Corey Kluber,575929,Willson Contreras,R,Reese McGuire,624512,1,2,3,True,2023-05-14,Stolen,2B,2023,2024,25.8,2024,25.8
186,186,1B,2B,Stolen Base 2B,666182,Bo Bichette,446372,Corey Kluber,656305,Matt Chapman,R,Reese McGuire,624512,0,0,1,True,2023-05-01,Stolen,2B,2023,2024,25.8,2024,25.8
187,187,1B,2B,Stolen Base 2B,662139,Daulton Varsho,455119,Chris Martin,593160,Whit Merrifield,R,Reese McGuire,624512,5,3,7,True,2023-05-01,Stolen,2B,2023,2024,25.8,2024,25.8
188,188,1B,2B,Stolen Base 2B,686823,Will Brennan,601713,Nick Pivetta,664702,Myles Straw,R,Reese McGuire,624512,0,3,2,True,2023-04-28,Stolen,2B,2023,2024,25.8,2024,25.8
189,189,1B,2B,Stolen Base 2B,608070,José Ramírez,601713,Nick Pivetta,647304,Josh Naylor,R,Reese McGuire,624512,1,3,3,True,2023-04-28,Stolen,2B,2023,2024,25.8,2024,25.8
190,190,1B,2B,Stolen Base 2B,656775,Cedric Mullins,656557,Tanner Houck,623993,Anthony Santander,R,Reese McGuire,624512,4,1,4,False,2023-04-26,Stolen,2B,2023,2024,25.8,2024,25.8
191,191,1B,2B,Stolen Base 2B,592885,Christian Yelich,676477,Garrett Whitlock,642133,Rowdy Tellez,R,Reese McGuire,624512,3,0,3,False,2023-04-22,Stolen,2B,2023,2024,25.8,2024,25.8
192,192,1B,2B,Stolen Base 2B,680911,Owen Miller,601713,Nick Pivetta,592885,Christian Yelich,R,Reese McGuire,624512,1,2,3,False,2023-04-21,Stolen,2B,2023,2024,25.8,2024,25.8
193,193,1B,,Caught Stealing 2B,660271,Shohei Ohtani,676710,Kutter Crawford,621493,Taylor Ward,R,Reese McGuire,624512,1,5,6,True,2023-04-17,Caught,2B,2023,2024,25.8,2024,25.8
194,194,1B,2B,Stolen Base 2B,677551,Wander Franco,519242,Chris Sale,670623,Isaac Paredes,L,Reese McGuire,624512,0,0,1,False,2023-04-12,Stolen,2B,2023,2024,25.8,2024,25.8
195,195,1B,2B,Stolen Base 2B,666139,Josh Lowe,676477,Garrett Whitlock,660644,Vidal Bruján,R,Reese McGuire,624512,2,0,2,False,2023-04-11,Stolen,2B,2023,2024,25.8,2024,25.8
196,196,1B,,Caught Stealing 2B,660644,Vidal Bruján,676477,Garrett Whitlock,650490,Yandy Díaz,R,Reese McGuire,624512,2,0,2,False,2023-04-11,Caught,2B,2023,2024,25.8,2024,25.8
197,197,1B,,Caught Stealing 2B,668227,Randy Arozarena,676477,Garrett Whitlock,677551,Wander Franco,R,Reese McGuire,624512,2,0,3,False,2023-04-11,Caught,2B,2023,2024,25.8,2024,25.8
198,198,2B,3B,Stolen Base 3B,668804,Bryan Reynolds,677161,Zack Kelly,467793,Carlos Santana,R,Reese McGuire,624512,1,4,9,True,2023-04-05,Stolen,3B,2023,2024,25.8,2024,25.8
199,199,1B,2B,Stolen Base 2B,457705,Andrew McCutchen,677161,Zack Kelly,467793,Carlos Santana,R,Reese McGuire,624512,1,4,9,True,2023-04-05,Stolen,2B,2023,2024,25.8,2024,25.8
200,200,1B,2B,Stolen Base 2B,665833,Oneil Cruz,601713,Nick Pivetta,467793,Carlos Santana,R,Reese McGuire,624512,0,0,1,True,2023-04-04,Stolen,2B,2023,2024,25.8,2024,25.8
201,201,1B,2B,Stolen Base 2B,623168,Tyler Heineman,670174,Josh Winckowski,668804,Bryan Reynolds,R,Reese McGuire,624512,1,4,7,True,2023-04-04,Stolen,2B,2023,2024,25.8,2024,25.8
202,202,2B,3B,Stolen Base 3B,622761,Jorge Mateo,519242,Chris Sale,602104,Ramón Urías,L,Reese McGuire,624512,0,3,2,True,2023-04-01,Stolen,3B,2023,2024,25.8,2024,25.8
203,203,1B,2B,Stolen Base 2B,656775,Cedric Mullins,519242,Chris Sale,602104,Ramón Urías,L,Reese McGuire,624512,0,3,2,True,2023-04-01,Stolen,2B,2023,2024,25.8,2024,25.8
204,204,1B,2B,Stolen Base 2B,622761,Jorge Mateo,519242,Chris Sale,656775,Cedric Mullins,L,Reese McGuire,624512,1,7,3,True,2023-04-01,Stolen,2B,2023,2024,25.8,2024,25.8
205,205,1B,2B,Stolen Base 2B,663630,Ryan McKenna,519242,Chris Sale,602104,Ramón Urías,L,Reese McGuire,624512,1,7,3,True,2023-04-01,Stolen,2B,2023,2024,25.8,2024,25.8
206,206,1B,2B,Stolen Base 2B,669720,Austin Hays,445276,Kenley Jansen,683002,Gunnar Henderson,R,Reese McGuire,624512,7,8,9,True,2023-04-01,Stolen,2B,2023,2024,25.8,2024,25.8
207,207,1B,2B,Stolen Base 2B,665926,Andrés Giménez,663436,Davis Martin,680911,Owen Miller,R,Reese McGuire,624512,3,0,4,False,2022-07-12,Stolen,2B,2022,2023,26.4,2023,26.4
208,208,1B,,Caught Stealing 2B,682985,Riley Greene,656629,Michael Kopech,408234,Miguel Cabrera,R,Reese McGuire,624512,0,2,3,True,2022-07-10,Caught,2B,2022,2023,26.4,2023,26.4
209,209,1B,2B,Stolen Base 2B,570731,Jonathan Schoop,656302,Dylan Cease,665019,Kody Clemens,R,Reese McGuire,624512,0,0,2,True,2022-07-07,Stolen,2B,2022,2023,26.4,2023,26.4
210,210,1B,2B,Stolen Base 2B,621439,Byron Buxton,656629,Michael Kopech,621043,Carlos Correa,R,Reese McGuire,624512,0,0,1,True,2022-07-05,Stolen,2B,2022,2023,26.4,2023,26.4
211,211,1B,2B,Stolen Base 2B,543807,George Springer,625643,Reynaldo López,666182,Bo Bichette,R,Reese McGuire,624512,8,5,7,True,2022-06-20,Stolen,2B,2022,2023,26.4,2023,26.4
212,212,1B,,Caught Stealing 2B,643289,Mauricio Dubón,656629,Michael Kopech,514888,Jose Altuve,R,Reese McGuire,624512,1,0,2,False,2022-06-19,Caught,2B,2022,2023,26.4,2023,26.4
213,213,1B,2B,Stolen Base 2B,608369,Corey Seager,608337,Lucas Giolito,594777,Kole Calhoun,R,Reese McGuire,624512,0,0,1,True,2022-06-11,Stolen,2B,2022,2023,26.4,2023,26.4
214,214,1B,2B,Stolen Base 2B,666969,Adolis García,608665,Kendall Graveman,594777,Kole Calhoun,R,Reese McGuire,624512,3,3,8,True,2022-06-10,Stolen,2B,2022,2023,26.4,2023,26.4
215,215,1B,2B,Stolen Base 2B,666158,Gavin Lux,656629,Michael Kopech,605141,Mookie Betts,R,Reese McGuire,624512,0,0,3,True,2022-06-07,Stolen,2B,2022,2023,26.4,2023,26.4
216,216,1B,2B,Stolen Base 2B,607208,Trea Turner,521230,Liam Hendriks,669257,Will Smith,R,Reese McGuire,624512,4,0,9,True,2022-06-07,Stolen,2B,2022,2023,26.4,2023,26.4
217,217,1B,2B,Stolen Base 2B,668227,Randy Arozarena,656302,Dylan Cease,621433,Brett Phillips,R,Reese McGuire,624512,0,0,2,False,2022-06-04,Stolen,2B,2022,2023,26.4,2023,26.4
218,218,1B,,Caught Stealing 2B,660644,Vidal Bruján,656302,Dylan Cease,670623,Isaac Paredes,R,Reese McGuire,624512,0,0,4,False,2022-06-04,Caught,2B,2022,2023,26.4,2023,26.4
219,219,1B,2B,Stolen Base 2B,668227,Randy Arozarena,608665,Kendall Graveman,621433,Brett Phillips,R,Reese McGuire,624512,2,3,8,False,2022-06-04,Stolen,2B,2022,2023,26.4,2023,26.4
220,220,1B,,Caught Stealing 2B,666971,Lourdes Gurriel Jr.,605195,Kyle Crick,606132,Raimel Tapia,R,Reese McGuire,624512,5,3,5,False,2022-06-01,Caught,2B,2022,2023,26.4,2023,26.4
221,221,1B,2B,Stolen Base 2B,542364,Rafael Ortega,656302,Dylan Cease,663538,Nico Hoerner,R,Reese McGuire,624512,0,0,7,True,2022-05-29,Stolen,2B,2022,2023,26.4,2023,26.4
222,222,1B,2B,Stolen Base 2B,666624,Christopher Morel,625643,Reynaldo López,664023,Ian Happ,R,Reese McGuire,624512,1,3,10,True,2022-05-29,Stolen,2B,2022,2023,26.4,2023,26.4
223,223,2B,3B,Stolen Base 3B,664023,Ian Happ,607481,Aaron Bummer,663845,Alfonso Rivas III,L,Reese McGuire,624512,3,4,11,True,2022-05-29,Stolen,3B,2022,2023,26.4,2023,26.4
224,224,1B,2B,Stolen Base 2B,664728,Kyle Isbel,592826,Vince Velasquez,665861,Sebastián  Rivero,R,Reese McGuire,624512,2,0,2,False,2022-05-19,Stolen,2B,2022,2023,26.4,2023,26.4
225,225,1B,2B,Stolen Base 2B,670032,Nicky Lopez,656302,Dylan Cease,643217,Andrew Benintendi,R,Reese McGuire,624512,0,0,3,False,2022-05-17,Stolen,2B,2022,2023,26.4,2023,26.4
226,226,1B,2B,Stolen Base 2B,643396,Isiah Kiner-Falefa,592826,Vince Velasquez,624431,Jose Trevino,R,Reese McGuire,624512,0,5,3,True,2022-05-13,Stolen,2B,2022,2023,26.4,2023,26.4
227,227,1B,2B,Stolen Base 2B,680757,Steven Kwan,656629,Michael Kopech,680911,Owen Miller,R,Reese McGuire,624512,0,1,1,True,2022-05-09,Stolen,2B,2022,2023,26.4,2023,26.4
228,228,1B,,Caught Stealing 2B,657077,Alex Verdugo,572971,Dallas Keuchel,666915,Bobby Dalbec,L,Reese McGuire,624512,0,0,2,False,2022-05-08,Caught,2B,2022,2023,26.4,2023,26.4
229,229,1B,2B,Stolen Base 2B,677951,Bobby Witt Jr.,614179,José Ruiz,664728,Kyle Isbel,R,Reese McGuire,624512,1,2,8,True,2022-04-28,Stolen,2B,2022,2023,26.4,2023,26.4
230,230,1B,2B,Stolen Base 2B,677951,Bobby Witt Jr.,614179,José Ruiz,572191,Michael A. Taylor,R,Reese McGuire,624512,3,2,7,True,2022-04-27,Stolen,2B,2022,2023,26.4,2023,26.4
231,231,1B,,Caught Stealing 2B,593871,Jorge Polanco,656629,Michael Kopech,596146,Max Kepler,R,Reese McGuire,624512,0,0,1,False,2022-04-22,Caught,2B,2022,2023,26.4,2023,26.4
232,232,1B,2B,Stolen Base 2B,665926,Andrés Giménez,663436,Davis Martin,680911,Owen Miller,R,Reese McGuire,624512,3,0,4,False,2022-04-18,Stolen,2B,2022,2023,26.4,2023,26.4
233,233,1B,2B,Stolen Base 2B,670764,Taylor Walls,656629,Michael Kopech,664040,Brandon Lowe,R,Reese McGuire,624512,0,1,2,True,2022-04-16,Stolen,2B,2022,2023,26.4,2023,26.4
234,234,1B,2B,Stolen Base 2B,621433,Brett Phillips,521230,Liam Hendriks,596847,Ji Man Choi,R,Reese McGuire,624512,3,2,9,True,2022-04-16,Stolen,2B,2022,2023,26.4,2023,26.4
235,235,1B,2B,Stolen Base 2B,677594,Julio Rodríguez,669424,Jimmy Lambert,663728,Cal Raleigh,R,Reese McGuire,624512,0,2,2,True,2022-04-14,Stolen,2B,2022,2023,26.4,2023,26.4
236,236,1B,2B,Stolen Base 2B,641487,J.P. Crawford,614179,José Ruiz,553993,Eugenio Suárez,R,Reese McGuire,624512,1,5,8,True,2022-04-14,Stolen,2B,2022,2023,26.4,2023,26.4
237,237,1B,2B,Stolen Base 2B,672284,Jarred Kelenic,614179,José Ruiz,677594,Julio Rodríguez,R,Reese McGuire,624512,1,5,8,True,2022-04-14,Stolen,2B,2022,2023,26.4,2023,26.4
238,238,1B,,Caught Stealing 2B,640457,Austin Meadows,656629,Michael Kopech,600869,Jeimer Candelario,R,Reese McGuire,624512,0,2,1,False,2022-04-10,Caught,2B,2022,2023,26.4,2023,26.4
