,Unnamed: 0.3,Unnamed: 0.2,Unnamed: 0.1,Unnamed: 0,Start_Base,End_Base,Event,runner_id,runner_name,pitcher_id,pitcher_name,batter_id,batter_name,pitch_hand,credit,credit_id,homeScore,awayScore,inning,isTopInning,Date,Action,Base,Year,Current_Year_x,Sprint_x,Current_Year_y,Sprint_y,Current_Year_x.1,Arm_Strength_x,Exchange_x,Current_Year_y.1,Arm_Strength_y,Exchange_y,Current_Year,Arm_Strength,Exchange
0,0,0,0,0,1B,2B,Stolen Base 2B,666971,Lourdes Gurriel Jr.,434378,Justin Verlander,672515,Gabriel Moreno,R,Martín Maldonado,455117,0,1,4,False,2023-09-30,Stolen,2B,2023,2024,29.8,2024,29.8,2024,85.4,0.69,2024,85.4,0.69,2024, 85.4, 0.69
1,1,1,1,1,1B,,Caught Stealing 2B,664983,Jake McCarthy,650556,Bryan Abreu,672515,Gabriel Moreno,R,Martín Maldonado,455117,0,1,9,False,2023-09-30,Caught,2B,2023,2024,29.8,2024,29.8,2024,85.4,0.69,2024,85.4,0.69,2024, 85.4, 0.69
2,2,2,2,2,1B,2B,Stolen Base 2B,607054,Jace Peterson,664353,José Urquidy,672695,Geraldo Perdomo,R,Martín Maldonado,455117,0,0,2,False,2023-09-29,Stolen,2B,2023,2024,29.8,2024,29.8,2024,85.4,0.69,2024,85.4,0.69,2024, 85.4, 0.69
3,3,3,3,3,2B,3B,Stolen Base 3B,682998,Corbin Carroll,664353,José Urquidy,572233,Christian Walker,R,Martín Maldonado,455117,0,0,3,False,2023-09-29,Stolen,3B,2023,2024,29.8,2024,29.8,2024,85.4,0.69,2024,85.4,0.69,2024, 85.4, 0.69
4,4,4,4,4,2B,3B,Stolen Base 3B,682998,Corbin Carroll,593576,Héctor Neris,502054,Tommy Pham,R,Martín Maldonado,455117,0,2,8,False,2023-09-29,Stolen,3B,2023,2024,29.8,2024,29.8,2024,85.4,0.69,2024,85.4,0.69,2024, 85.4, 0.69
5,5,5,5,5,1B,2B,Stolen Base 2B,606466,Ketel Marte,593576,Héctor Neris,502054,Tommy Pham,R,Martín Maldonado,455117,0,2,8,False,2023-09-29,Stolen,2B,2023,2024,29.8,2024,29.8,2024,85.4,0.69,2024,85.4,0.69,2024, 85.4, 0.69
6,6,6,6,6,2B,3B,Stolen Base 3B,677594,Julio Rodríguez,664285,Framber Valdez,606192,Teoscar Hernández,L,Martín Maldonado,455117,1,0,1,False,2023-09-27,Stolen,3B,2023,2024,29.8,2024,29.8,2024,85.4,0.69,2024,85.4,0.69,2024, 85.4, 0.69
7,7,7,7,7,1B,2B,Stolen Base 2B,664059,Sam Haggerty,664285,Framber Valdez,676609,José Caballero,L,Martín Maldonado,455117,1,0,2,False,2023-09-27,Stolen,2B,2023,2024,29.8,2024,29.8,2024,85.4,0.69,2024,85.4,0.69,2024, 85.4, 0.69
8,8,8,8,8,1B,2B,Stolen Base 2B,677951,Bobby Witt Jr.,664299,Cristian Javier,686681,Michael Massey,R,Martín Maldonado,455117,0,0,1,False,2023-09-15,Stolen,2B,2023,2024,29.8,2024,29.8,2024,85.4,0.69,2024,85.4,0.69,2024, 85.4, 0.69
9,9,9,9,9,1B,2B,Stolen Base 2B,677951,Bobby Witt Jr.,664299,Cristian Javier,521692,Salvador Perez,R,Martín Maldonado,455117,1,0,3,False,2023-09-15,Stolen,2B,2023,2024,29.8,2024,29.8,2024,85.4,0.69,2024,85.4,0.69,2024, 85.4, 0.69
10,10,10,10,10,1B,2B,Stolen Base 2B,667670,Brent Rooker,664285,Framber Valdez,672478,Jordan Diaz,L,Martín Maldonado,455117,0,1,4,True,2023-09-11,Stolen,2B,2023,2024,29.8,2024,29.8,2024,85.4,0.69,2024,85.4,0.69,2024, 85.4, 0.69
11,11,11,11,11,2B,3B,Stolen Base 3B,593428,Xander Bogaerts,664299,Cristian Javier,676946,Matthew Batten,R,Martín Maldonado,455117,0,0,2,True,2023-09-09,Stolen,3B,2023,2024,29.8,2024,29.8,2024,85.4,0.69,2024,85.4,0.69,2024, 85.4, 0.69
12,12,12,12,12,1B,2B,Stolen Base 2B,676946,Matthew Batten,664299,Cristian Javier,663757,Trent Grisham,R,Martín Maldonado,455117,1,4,4,True,2023-09-09,Stolen,2B,2023,2024,29.8,2024,29.8,2024,85.4,0.69,2024,85.4,0.69,2024, 85.4, 0.69
13,13,13,13,13,1B,2B,Stolen Base 2B,663757,Trent Grisham,686613,Hunter Brown,673490,Ha-Seong Kim,R,Martín Maldonado,455117,1,4,2,True,2023-09-08,Stolen,2B,2023,2024,29.8,2024,29.8,2024,85.4,0.69,2024,85.4,0.69,2024, 85.4, 0.69
14,14,14,14,14,1B,2B,Stolen Base 2B,673490,Ha-Seong Kim,686613,Hunter Brown,665487,Fernando Tatis Jr.,R,Martín Maldonado,455117,1,5,5,True,2023-09-08,Stolen,2B,2023,2024,29.8,2024,29.8,2024,85.4,0.69,2024,85.4,0.69,2024, 85.4, 0.69
15,15,15,15,15,1B,2B,Stolen Base 2B,673490,Ha-Seong Kim,664353,José Urquidy,665742,Juan Soto,R,Martín Maldonado,455117,2,6,7,True,2023-09-08,Stolen,2B,2023,2024,29.8,2024,29.8,2024,85.4,0.69,2024,85.4,0.69,2024, 85.4, 0.69
16,16,16,16,16,2B,3B,Stolen Base 3B,673490,Ha-Seong Kim,664353,José Urquidy,592518,Manny Machado,R,Martín Maldonado,455117,2,8,7,True,2023-09-08,Stolen,3B,2023,2024,29.8,2024,29.8,2024,85.4,0.69,2024,85.4,0.69,2024, 85.4, 0.69
17,17,17,17,17,1B,2B,Stolen Base 2B,665742,Juan Soto,664353,José Urquidy,592518,Manny Machado,R,Martín Maldonado,455117,2,8,7,True,2023-09-08,Stolen,2B,2023,2024,29.8,2024,29.8,2024,85.4,0.69,2024,85.4,0.69,2024, 85.4, 0.69
18,18,18,18,18,1B,2B,Stolen Base 2B,608671,Travis Jankowski,434378,Justin Verlander,665750,Leody Taveras,R,Martín Maldonado,455117,1,8,5,False,2023-09-06,Stolen,2B,2023,2024,29.8,2024,29.8,2024,85.4,0.69,2024,85.4,0.69,2024, 85.4, 0.69
19,19,19,19,19,1B,2B,Stolen Base 2B,543760,Marcus Semien,434378,Justin Verlander,663993,Nathaniel Lowe,R,Martín Maldonado,455117,2,8,5,False,2023-09-06,Stolen,2B,2023,2024,29.8,2024,29.8,2024,85.4,0.69,2024,85.4,0.69,2024, 85.4, 0.69
20,20,20,20,20,1B,2B,Stolen Base 2B,643396,Isiah Kiner-Falefa,669270,Joel Kuhnel,669224,Austin Wells,R,Martín Maldonado,455117,2,6,9,True,2023-09-01,Stolen,2B,2023,2024,29.8,2024,29.8,2024,85.4,0.69,2024,85.4,0.69,2024, 85.4, 0.69
21,21,21,21,21,1B,2B,Stolen Base 2B,668670,Jake Rogers,664285,Framber Valdez,682985,Riley Greene,L,Martín Maldonado,455117,0,0,2,False,2023-08-25,Stolen,2B,2023,2024,29.8,2024,29.8,2024,85.4,0.69,2024,85.4,0.69,2024, 85.4, 0.69
22,22,22,22,22,1B,2B,Stolen Base 2B,677594,Julio Rodríguez,664285,Framber Valdez,553993,Eugenio Suárez,L,Martín Maldonado,455117,0,1,1,True,2023-08-19,Stolen,2B,2023,2024,29.8,2024,29.8,2024,85.4,0.69,2024,85.4,0.69,2024, 85.4, 0.69
23,23,23,23,23,1B,2B,Stolen Base 2B,676609,José Caballero,664285,Framber Valdez,687799,Cade Marlowe,L,Martín Maldonado,455117,2,6,5,True,2023-08-19,Stolen,2B,2023,2024,29.8,2024,29.8,2024,85.4,0.69,2024,85.4,0.69,2024, 85.4, 0.69
24,24,24,24,24,1B,2B,Stolen Base 2B,677594,Julio Rodríguez,641585,J.P. France,553993,Eugenio Suárez,R,Martín Maldonado,455117,0,0,1,True,2023-08-18,Stolen,2B,2023,2024,29.8,2024,29.8,2024,85.4,0.69,2024,85.4,0.69,2024, 85.4, 0.69
25,25,25,25,25,1B,2B,Stolen Base 2B,677594,Julio Rodríguez,664353,José Urquidy,553993,Eugenio Suárez,R,Martín Maldonado,455117,0,2,9,True,2023-08-18,Stolen,2B,2023,2024,29.8,2024,29.8,2024,85.4,0.69,2024,85.4,0.69,2024, 85.4, 0.69
26,26,26,26,26,2B,3B,Stolen Base 3B,542932,Jon Berti,664285,Framber Valdez,650559,Bryan De La Cruz,L,Martín Maldonado,455117,1,0,3,False,2023-08-14,Stolen,3B,2023,2024,29.8,2024,29.8,2024,85.4,0.69,2024,85.4,0.69,2024, 85.4, 0.69
27,27,27,27,27,1B,2B,Stolen Base 2B,660271,Shohei Ohtani,606160,Rafael Montero,592273,Brandon Drury,R,Martín Maldonado,455117,1,2,9,True,2023-08-13,Stolen,2B,2023,2024,29.8,2024,29.8,2024,85.4,0.69,2024,85.4,0.69,2024, 85.4, 0.69
28,28,28,28,28,1B,2B,Stolen Base 2B,624428,Adam Frazier,606160,Rafael Montero,676059,Jordan Westburg,R,Martín Maldonado,455117,2,3,6,False,2023-08-09,Stolen,2B,2023,2024,29.8,2024,29.8,2024,85.4,0.69,2024,85.4,0.69,2024, 85.4, 0.69
29,29,29,29,29,1B,2B,Stolen Base 2B,656185,Greg Allen,608665,Kendall Graveman,518934,DJ LeMahieu,R,Martín Maldonado,455117,3,1,8,False,2023-08-05,Stolen,2B,2023,2024,29.8,2024,29.8,2024,85.4,0.69,2024,85.4,0.69,2024, 85.4, 0.69
30,30,30,30,30,1B,2B,Stolen Base 2B,664056,Harrison Bader,608665,Kendall Graveman,683011,Anthony Volpe,R,Martín Maldonado,455117,4,3,6,False,2023-08-03,Stolen,2B,2023,2024,29.8,2024,29.8,2024,85.4,0.69,2024,85.4,0.69,2024, 85.4, 0.69
31,31,31,31,31,1B,,Caught Stealing 2B,623912,Harold Ramírez,656232,Brandon Bielak,642350,Jose Siri,R,Martín Maldonado,455117,0,6,5,True,2023-07-30,Caught,2B,2023,2024,29.8,2024,29.8,2024,85.4,0.69,2024,85.4,0.69,2024, 85.4, 0.69
32,32,32,32,32,1B,2B,Stolen Base 2B,668227,Randy Arozarena,664299,Cristian Javier,664040,Brandon Lowe,R,Martín Maldonado,455117,1,3,4,True,2023-07-28,Stolen,2B,2023,2024,29.8,2024,29.8,2024,85.4,0.69,2024,85.4,0.69,2024, 85.4, 0.69
33,33,33,33,33,1B,2B,Stolen Base 2B,664040,Brandon Lowe,664299,Cristian Javier,670623,Isaac Paredes,R,Martín Maldonado,455117,3,3,6,True,2023-07-28,Stolen,2B,2023,2024,29.8,2024,29.8,2024,85.4,0.69,2024,85.4,0.69,2024, 85.4, 0.69
34,34,34,34,34,1B,2B,Stolen Base 2B,677649,Ezequiel Duran,656232,Brandon Bielak,543543,Brad Miller,R,Martín Maldonado,455117,4,5,3,True,2023-07-24,Stolen,2B,2023,2024,29.8,2024,29.8,2024,85.4,0.69,2024,85.4,0.69,2024, 85.4, 0.69
35,35,35,35,35,1B,,Caught Stealing 2B,543760,Marcus Semien,656232,Brandon Bielak,608671,Travis Jankowski,R,Martín Maldonado,455117,4,6,4,True,2023-07-24,Caught,2B,2023,2024,29.8,2024,29.8,2024,85.4,0.69,2024,85.4,0.69,2024, 85.4, 0.69
36,36,36,36,36,1B,,Caught Stealing 2B,680869,Zack Gelof,664299,Cristian Javier,668709,JJ Bleday,R,Martín Maldonado,455117,0,0,4,False,2023-07-22,Caught,2B,2023,2024,29.8,2024,29.8,2024,85.4,0.69,2024,85.4,0.69,2024, 85.4, 0.69
37,37,37,37,37,1B,2B,Stolen Base 2B,607054,Jace Peterson,664208,Phil Maton,691016,Tyler Soderstrom,R,Martín Maldonado,455117,2,1,6,False,2023-07-22,Stolen,2B,2023,2024,29.8,2024,29.8,2024,85.4,0.69,2024,85.4,0.69,2024, 85.4, 0.69
38,38,38,38,38,1B,2B,Stolen Base 2B,643393,Tony Kemp,664285,Framber Valdez,680869,Zack Gelof,L,Martín Maldonado,455117,0,3,3,False,2023-07-21,Stolen,2B,2023,2024,29.8,2024,29.8,2024,85.4,0.69,2024,85.4,0.69,2024, 85.4, 0.69
39,39,39,39,39,1B,,Caught Stealing 2B,669911,Michael Toglia,656232,Brandon Bielak,605612,Harold Castro,R,Martín Maldonado,455117,0,1,5,False,2023-07-19,Caught,2B,2023,2024,29.8,2024,29.8,2024,85.4,0.69,2024,85.4,0.69,2024, 85.4, 0.69
40,40,40,40,40,1B,2B,Stolen Base 2B,623205,Andrew Velazquez,650556,Bryan Abreu,687263,Zach Neto,R,Martín Maldonado,455117,5,7,8,False,2023-07-14,Stolen,2B,2023,2024,29.8,2024,29.8,2024,85.4,0.69,2024,85.4,0.69,2024, 85.4, 0.69
41,41,41,41,41,1B,2B,Stolen Base 2B,677594,Julio Rodríguez,656232,Brandon Bielak,664034,Ty France,R,Martín Maldonado,455117,0,0,4,True,2023-07-09,Stolen,2B,2023,2024,29.8,2024,29.8,2024,85.4,0.69,2024,85.4,0.69,2024, 85.4, 0.69
42,42,42,42,42,1B,2B,Stolen Base 2B,677594,Julio Rodríguez,650556,Bryan Abreu,664034,Ty France,R,Martín Maldonado,455117,1,3,8,True,2023-07-09,Stolen,2B,2023,2024,29.8,2024,29.8,2024,85.4,0.69,2024,85.4,0.69,2024, 85.4, 0.69
43,43,43,43,43,1B,2B,Stolen Base 2B,676609,José Caballero,664285,Framber Valdez,641487,J.P. Crawford,L,Martín Maldonado,455117,2,1,3,True,2023-07-08,Stolen,2B,2023,2024,29.8,2024,29.8,2024,85.4,0.69,2024,85.4,0.69,2024, 85.4, 0.69
44,44,44,44,44,2B,3B,Stolen Base 3B,676609,José Caballero,664285,Framber Valdez,641487,J.P. Crawford,L,Martín Maldonado,455117,2,1,3,True,2023-07-08,Stolen,3B,2023,2024,29.8,2024,29.8,2024,85.4,0.69,2024,85.4,0.69,2024, 85.4, 0.69
45,45,45,45,45,2B,3B,Stolen Base 3B,606192,Teoscar Hernández,664285,Framber Valdez,676609,José Caballero,L,Martín Maldonado,455117,2,2,4,True,2023-07-08,Stolen,3B,2023,2024,29.8,2024,29.8,2024,85.4,0.69,2024,85.4,0.69,2024, 85.4, 0.69
46,46,46,46,46,1B,2B,Stolen Base 2B,543760,Marcus Semien,664299,Cristian Javier,608369,Corey Seager,R,Martín Maldonado,455117,2,6,3,False,2023-07-03,Stolen,2B,2023,2024,29.8,2024,29.8,2024,85.4,0.69,2024,85.4,0.69,2024, 85.4, 0.69
47,47,47,47,47,1B,2B,Stolen Base 2B,543760,Marcus Semien,686613,Hunter Brown,608369,Corey Seager,R,Martín Maldonado,455117,0,0,1,False,2023-07-01,Stolen,2B,2023,2024,29.8,2024,29.8,2024,85.4,0.69,2024,85.4,0.69,2024, 85.4, 0.69
48,48,48,48,48,1B,2B,Stolen Base 2B,608671,Travis Jankowski,686613,Hunter Brown,543760,Marcus Semien,R,Martín Maldonado,455117,3,0,4,False,2023-07-01,Stolen,2B,2023,2024,29.8,2024,29.8,2024,85.4,0.69,2024,85.4,0.69,2024, 85.4, 0.69
49,49,49,49,49,1B,2B,Stolen Base 2B,608671,Travis Jankowski,661527,Seth Martinez,665750,Leody Taveras,R,Martín Maldonado,455117,3,0,6,False,2023-07-01,Stolen,2B,2023,2024,29.8,2024,29.8,2024,85.4,0.69,2024,85.4,0.69,2024, 85.4, 0.69
50,50,50,50,50,1B,2B,Stolen Base 2B,665750,Leody Taveras,606160,Rafael Montero,543760,Marcus Semien,R,Martín Maldonado,455117,4,0,8,False,2023-07-01,Stolen,2B,2023,2024,29.8,2024,29.8,2024,85.4,0.69,2024,85.4,0.69,2024, 85.4, 0.69
51,51,51,51,51,3B,,Caught Stealing Home,657557,Paul DeJong,661527,Seth Martinez,666185,Dylan Carlson,R,Martín Maldonado,455117,7,5,7,False,2023-06-28,Caught,Home,2023,2024,29.8,2024,29.8,2024,85.4,0.69,2024,85.4,0.69,2024, 85.4, 0.69
52,52,52,52,52,1B,2B,Stolen Base 2B,605141,Mookie Betts,606160,Rafael Montero,518692,Freddie Freeman,R,Martín Maldonado,455117,2,4,8,False,2023-06-25,Stolen,2B,2023,2024,29.8,2024,29.8,2024,85.4,0.69,2024,85.4,0.69,2024, 85.4, 0.69
53,53,53,53,53,1B,2B,Stolen Base 2B,676356,Jonny DeLuca,593576,Héctor Neris,444482,David Peralta,R,Martín Maldonado,455117,4,4,8,False,2023-06-25,Stolen,2B,2023,2024,29.8,2024,29.8,2024,85.4,0.69,2024,85.4,0.69,2024, 85.4, 0.69
54,54,54,54,54,1B,2B,Stolen Base 2B,681546,James Outman,641585,J.P. France,500743,Miguel Rojas,R,Martín Maldonado,455117,2,2,4,False,2023-06-23,Stolen,2B,2023,2024,29.8,2024,29.8,2024,85.4,0.69,2024,85.4,0.69,2024, 85.4, 0.69
55,55,55,55,55,1B,2B,Stolen Base 2B,502054,Tommy Pham,664299,Cristian Javier,596129,Daniel Vogelbach,R,Martín Maldonado,455117,2,4,3,True,2023-06-21,Stolen,2B,2023,2024,29.8,2024,29.8,2024,85.4,0.69,2024,85.4,0.69,2024, 85.4, 0.69
56,56,56,56,56,1B,2B,Stolen Base 2B,516782,Starling Marte,661527,Seth Martinez,596019,Francisco Lindor,R,Martín Maldonado,455117,6,4,4,True,2023-06-21,Stolen,2B,2023,2024,29.8,2024,29.8,2024,85.4,0.69,2024,85.4,0.69,2024, 85.4, 0.69
57,57,57,57,57,1B,2B,Stolen Base 2B,502054,Tommy Pham,606160,Rafael Montero,596129,Daniel Vogelbach,R,Martín Maldonado,455117,9,8,6,True,2023-06-21,Stolen,2B,2023,2024,29.8,2024,29.8,2024,85.4,0.69,2024,85.4,0.69,2024, 85.4, 0.69
58,58,58,58,58,1B,2B,Stolen Base 2B,596019,Francisco Lindor,650556,Bryan Abreu,624413,Pete Alonso,R,Martín Maldonado,455117,10,8,8,True,2023-06-21,Stolen,2B,2023,2024,29.8,2024,29.8,2024,85.4,0.69,2024,85.4,0.69,2024, 85.4, 0.69
59,59,59,59,59,1B,2B,Stolen Base 2B,643446,Jeff McNeil,686613,Hunter Brown,683146,Brett Baty,R,Martín Maldonado,455117,0,6,6,True,2023-06-19,Stolen,2B,2023,2024,29.8,2024,29.8,2024,85.4,0.69,2024,85.4,0.69,2024, 85.4, 0.69
60,60,60,60,60,1B,2B,Stolen Base 2B,680574,Matt McLain,641585,J.P. France,663697,Jonathan India,R,Martín Maldonado,455117,0,0,4,True,2023-06-16,Stolen,2B,2023,2024,29.8,2024,29.8,2024,85.4,0.69,2024,85.4,0.69,2024, 85.4, 0.69
61,61,61,61,61,2B,3B,Stolen Base 3B,668715,Spencer Steer,606160,Rafael Montero,686759,TJ Hopkins,R,Martín Maldonado,455117,0,2,9,True,2023-06-16,Stolen,3B,2023,2024,29.8,2024,29.8,2024,85.4,0.69,2024,85.4,0.69,2024, 85.4, 0.69
62,62,62,62,62,1B,,Caught Stealing 2B,572816,Corey Dickerson,664299,Cristian Javier,660688,Keibert Ruiz,R,Martín Maldonado,455117,0,0,2,True,2023-06-15,Caught,2B,2023,2024,29.8,2024,29.8,2024,85.4,0.69,2024,85.4,0.69,2024, 85.4, 0.69
63,63,63,63,63,1B,2B,Stolen Base 2B,600869,Jeimer Candelario,593576,Héctor Neris,572816,Corey Dickerson,R,Martín Maldonado,455117,0,0,8,True,2023-06-15,Stolen,2B,2023,2024,29.8,2024,29.8,2024,85.4,0.69,2024,85.4,0.69,2024, 85.4, 0.69
64,64,64,64,64,1B,,Caught Stealing 2B,600869,Jeimer Candelario,686613,Hunter Brown,572816,Corey Dickerson,R,Martín Maldonado,455117,0,0,4,True,2023-06-13,Caught,2B,2023,2024,29.8,2024,29.8,2024,85.4,0.69,2024,85.4,0.69,2024, 85.4, 0.69
65,65,65,65,65,1B,2B,Stolen Base 2B,680757,Steven Kwan,641585,J.P. France,642708,Amed Rosario,R,Martín Maldonado,455117,1,5,7,False,2023-06-10,Stolen,2B,2023,2024,29.8,2024,29.8,2024,85.4,0.69,2024,85.4,0.69,2024, 85.4, 0.69
66,66,66,66,66,2B,,Caught Stealing 3B,593160,Whit Merrifield,606160,Rafael Montero,662139,Daulton Varsho,R,Martín Maldonado,455117,5,1,8,False,2023-06-06,Caught,3B,2023,2024,29.8,2024,29.8,2024,85.4,0.69,2024,85.4,0.69,2024, 85.4, 0.69
67,67,67,67,67,2B,3B,Stolen Base 3B,657656,Ramón Laureano,664285,Framber Valdez,649557,Aledmys Díaz,L,Martín Maldonado,455117,1,2,2,False,2023-05-27,Stolen,3B,2023,2024,29.8,2024,29.8,2024,85.4,0.69,2024,85.4,0.69,2024, 85.4, 0.69
68,68,68,68,68,1B,2B,Stolen Base 2B,665923,Esteury Ruiz,686613,Hunter Brown,676116,Ryan Noda,R,Martín Maldonado,455117,0,0,1,False,2023-05-26,Stolen,2B,2023,2024,29.8,2024,29.8,2024,85.4,0.69,2024,85.4,0.69,2024, 85.4, 0.69
69,69,69,69,69,2B,3B,Stolen Base 3B,665923,Esteury Ruiz,664285,Framber Valdez,667670,Brent Rooker,L,Martín Maldonado,455117,1,0,6,True,2023-05-21,Stolen,3B,2023,2024,29.8,2024,29.8,2024,85.4,0.69,2024,85.4,0.69,2024, 85.4, 0.69
70,70,70,70,70,1B,2B,Stolen Base 2B,665923,Esteury Ruiz,686613,Hunter Brown,676116,Ryan Noda,R,Martín Maldonado,455117,2,2,6,True,2023-05-20,Stolen,2B,2023,2024,29.8,2024,29.8,2024,85.4,0.69,2024,85.4,0.69,2024, 85.4, 0.69
71,71,71,71,71,1B,2B,Stolen Base 2B,665923,Esteury Ruiz,593576,Héctor Neris,676116,Ryan Noda,R,Martín Maldonado,455117,2,2,8,True,2023-05-20,Stolen,2B,2023,2024,29.8,2024,29.8,2024,85.4,0.69,2024,85.4,0.69,2024, 85.4, 0.69
72,72,72,72,72,1B,2B,Stolen Base 2B,665923,Esteury Ruiz,656232,Brandon Bielak,667670,Brent Rooker,R,Martín Maldonado,455117,1,0,3,True,2023-05-19,Stolen,2B,2023,2024,29.8,2024,29.8,2024,85.4,0.69,2024,85.4,0.69,2024, 85.4, 0.69
73,73,73,73,73,1B,,Caught Stealing 2B,672478,Jordan Diaz,606160,Rafael Montero,676116,Ryan Noda,R,Martín Maldonado,455117,4,1,7,True,2023-05-19,Caught,2B,2023,2024,29.8,2024,29.8,2024,85.4,0.69,2024,85.4,0.69,2024, 85.4, 0.69
74,74,74,74,74,1B,2B,Stolen Base 2B,676116,Ryan Noda,606160,Rafael Montero,667670,Brent Rooker,R,Martín Maldonado,455117,4,1,7,True,2023-05-19,Stolen,2B,2023,2024,29.8,2024,29.8,2024,85.4,0.69,2024,85.4,0.69,2024, 85.4, 0.69
75,75,75,75,75,1B,2B,Stolen Base 2B,621020,Dansby Swanson,664285,Framber Valdez,664023,Ian Happ,L,Martín Maldonado,455117,4,4,4,True,2023-05-15,Stolen,2B,2023,2024,29.8,2024,29.8,2024,85.4,0.69,2024,85.4,0.69,2024, 85.4, 0.69
76,76,76,76,76,2B,3B,Stolen Base 3B,596103,Austin Slater,664285,Framber Valdez,642731,Thairo Estrada,L,Martín Maldonado,455117,0,1,6,True,2023-05-03,Stolen,3B,2023,2024,29.8,2024,29.8,2024,85.4,0.69,2024,85.4,0.69,2024, 85.4, 0.69
77,77,77,77,77,1B,2B,Stolen Base 2B,592663,J.T. Realmuto,664299,Cristian Javier,664761,Alec Bohm,R,Martín Maldonado,455117,0,0,2,True,2023-04-29,Stolen,2B,2023,2024,29.8,2024,29.8,2024,85.4,0.69,2024,85.4,0.69,2024, 85.4, 0.69
78,78,78,78,78,1B,2B,Stolen Base 2B,677551,Wander Franco,664353,José Urquidy,668227,Randy Arozarena,R,Martín Maldonado,455117,1,2,1,False,2023-04-24,Stolen,2B,2023,2024,29.8,2024,29.8,2024,85.4,0.69,2024,85.4,0.69,2024, 85.4, 0.69
79,79,79,79,79,1B,2B,Stolen Base 2B,660670,Ronald Acuña Jr.,664285,Framber Valdez,621566,Matt Olson,L,Martín Maldonado,455117,0,0,1,False,2023-04-22,Stolen,2B,2023,2024,29.8,2024,29.8,2024,85.4,0.69,2024,85.4,0.69,2024, 85.4, 0.69
80,80,80,80,80,2B,3B,Stolen Base 3B,660670,Ronald Acuña Jr.,664285,Framber Valdez,669221,Sean Murphy,L,Martín Maldonado,455117,0,0,1,False,2023-04-22,Stolen,3B,2023,2024,29.8,2024,29.8,2024,85.4,0.69,2024,85.4,0.69,2024, 85.4, 0.69
81,81,81,81,81,1B,2B,Stolen Base 2B,660670,Ronald Acuña Jr.,664285,Framber Valdez,621566,Matt Olson,L,Martín Maldonado,455117,3,4,7,False,2023-04-22,Stolen,2B,2023,2024,29.8,2024,29.8,2024,85.4,0.69,2024,85.4,0.69,2024, 85.4, 0.69
82,82,82,82,82,1B,,Caught Stealing 2B,593160,Whit Merrifield,677651,Luis Garcia,595281,Kevin Kiermaier,R,Martín Maldonado,455117,2,0,5,True,2023-04-19,Caught,2B,2023,2024,29.8,2024,29.8,2024,85.4,0.69,2024,85.4,0.69,2024, 85.4, 0.69
83,83,83,83,83,1B,,Caught Stealing 2B,666182,Bo Bichette,664353,José Urquidy,662139,Daulton Varsho,R,Martín Maldonado,455117,0,0,1,True,2023-04-18,Caught,2B,2023,2024,29.8,2024,29.8,2024,85.4,0.69,2024,85.4,0.69,2024, 85.4, 0.69
84,84,84,84,84,1B,2B,Stolen Base 2B,693049,Oscar Colás,661527,Seth Martinez,462101,Elvis Andrus,R,Martín Maldonado,455117,1,3,8,True,2023-04-02,Stolen,2B,2023,2024,29.8,2024,29.8,2024,85.4,0.69,2024,85.4,0.69,2024, 85.4, 0.69
85,85,85,85,85,1B,2B,Stolen Base 2B,666971,Lourdes Gurriel Jr.,434378,Justin Verlander,672515,Gabriel Moreno,R,Martín Maldonado,455117,0,1,4,False,2023-09-30,Stolen,2B,2023,2024,29.8,2024,29.8,2024,85.4,0.69,2024,85.4,0.69,2024, 85.4, 0.69
86,86,86,86,86,1B,,Caught Stealing 2B,664983,Jake McCarthy,650556,Bryan Abreu,672515,Gabriel Moreno,R,Martín Maldonado,455117,0,1,9,False,2023-09-30,Caught,2B,2023,2024,29.8,2024,29.8,2024,85.4,0.69,2024,85.4,0.69,2024, 85.4, 0.69
87,87,87,87,87,1B,2B,Stolen Base 2B,607054,Jace Peterson,664353,José Urquidy,672695,Geraldo Perdomo,R,Martín Maldonado,455117,0,0,2,False,2023-09-29,Stolen,2B,2023,2024,29.8,2024,29.8,2024,85.4,0.69,2024,85.4,0.69,2024, 85.4, 0.69
88,88,88,88,88,2B,3B,Stolen Base 3B,682998,Corbin Carroll,664353,José Urquidy,572233,Christian Walker,R,Martín Maldonado,455117,0,0,3,False,2023-09-29,Stolen,3B,2023,2024,29.8,2024,29.8,2024,85.4,0.69,2024,85.4,0.69,2024, 85.4, 0.69
89,89,89,89,89,2B,3B,Stolen Base 3B,682998,Corbin Carroll,593576,Héctor Neris,502054,Tommy Pham,R,Martín Maldonado,455117,0,2,8,False,2023-09-29,Stolen,3B,2023,2024,29.8,2024,29.8,2024,85.4,0.69,2024,85.4,0.69,2024, 85.4, 0.69
90,90,90,90,90,1B,2B,Stolen Base 2B,606466,Ketel Marte,593576,Héctor Neris,502054,Tommy Pham,R,Martín Maldonado,455117,0,2,8,False,2023-09-29,Stolen,2B,2023,2024,29.8,2024,29.8,2024,85.4,0.69,2024,85.4,0.69,2024, 85.4, 0.69
91,91,91,91,91,2B,3B,Stolen Base 3B,677594,Julio Rodríguez,664285,Framber Valdez,606192,Teoscar Hernández,L,Martín Maldonado,455117,1,0,1,False,2023-09-27,Stolen,3B,2023,2024,29.8,2024,29.8,2024,85.4,0.69,2024,85.4,0.69,2024, 85.4, 0.69
92,92,92,92,92,1B,2B,Stolen Base 2B,664059,Sam Haggerty,664285,Framber Valdez,676609,José Caballero,L,Martín Maldonado,455117,1,0,2,False,2023-09-27,Stolen,2B,2023,2024,29.8,2024,29.8,2024,85.4,0.69,2024,85.4,0.69,2024, 85.4, 0.69
93,93,93,93,93,1B,2B,Stolen Base 2B,677951,Bobby Witt Jr.,664299,Cristian Javier,686681,Michael Massey,R,Martín Maldonado,455117,0,0,1,False,2023-09-15,Stolen,2B,2023,2024,29.8,2024,29.8,2024,85.4,0.69,2024,85.4,0.69,2024, 85.4, 0.69
94,94,94,94,94,1B,2B,Stolen Base 2B,677951,Bobby Witt Jr.,664299,Cristian Javier,521692,Salvador Perez,R,Martín Maldonado,455117,1,0,3,False,2023-09-15,Stolen,2B,2023,2024,29.8,2024,29.8,2024,85.4,0.69,2024,85.4,0.69,2024, 85.4, 0.69
95,95,95,95,95,1B,2B,Stolen Base 2B,667670,Brent Rooker,664285,Framber Valdez,672478,Jordan Diaz,L,Martín Maldonado,455117,0,1,4,True,2023-09-11,Stolen,2B,2023,2024,29.8,2024,29.8,2024,85.4,0.69,2024,85.4,0.69,2024, 85.4, 0.69
96,96,96,96,96,2B,3B,Stolen Base 3B,593428,Xander Bogaerts,664299,Cristian Javier,676946,Matthew Batten,R,Martín Maldonado,455117,0,0,2,True,2023-09-09,Stolen,3B,2023,2024,29.8,2024,29.8,2024,85.4,0.69,2024,85.4,0.69,2024, 85.4, 0.69
97,97,97,97,97,1B,2B,Stolen Base 2B,676946,Matthew Batten,664299,Cristian Javier,663757,Trent Grisham,R,Martín Maldonado,455117,1,4,4,True,2023-09-09,Stolen,2B,2023,2024,29.8,2024,29.8,2024,85.4,0.69,2024,85.4,0.69,2024, 85.4, 0.69
98,98,98,98,98,1B,2B,Stolen Base 2B,663757,Trent Grisham,686613,Hunter Brown,673490,Ha-Seong Kim,R,Martín Maldonado,455117,1,4,2,True,2023-09-08,Stolen,2B,2023,2024,29.8,2024,29.8,2024,85.4,0.69,2024,85.4,0.69,2024, 85.4, 0.69
99,99,99,99,99,1B,2B,Stolen Base 2B,673490,Ha-Seong Kim,686613,Hunter Brown,665487,Fernando Tatis Jr.,R,Martín Maldonado,455117,1,5,5,True,2023-09-08,Stolen,2B,2023,2024,29.8,2024,29.8,2024,85.4,0.69,2024,85.4,0.69,2024, 85.4, 0.69
100,100,100,100,100,1B,2B,Stolen Base 2B,673490,Ha-Seong Kim,664353,José Urquidy,665742,Juan Soto,R,Martín Maldonado,455117,2,6,7,True,2023-09-08,Stolen,2B,2023,2024,29.8,2024,29.8,2024,85.4,0.69,2024,85.4,0.69,2024, 85.4, 0.69
101,101,101,101,101,2B,3B,Stolen Base 3B,673490,Ha-Seong Kim,664353,José Urquidy,592518,Manny Machado,R,Martín Maldonado,455117,2,8,7,True,2023-09-08,Stolen,3B,2023,2024,29.8,2024,29.8,2024,85.4,0.69,2024,85.4,0.69,2024, 85.4, 0.69
102,102,102,102,102,1B,2B,Stolen Base 2B,665742,Juan Soto,664353,José Urquidy,592518,Manny Machado,R,Martín Maldonado,455117,2,8,7,True,2023-09-08,Stolen,2B,2023,2024,29.8,2024,29.8,2024,85.4,0.69,2024,85.4,0.69,2024, 85.4, 0.69
103,103,103,103,103,1B,2B,Stolen Base 2B,608671,Travis Jankowski,434378,Justin Verlander,665750,Leody Taveras,R,Martín Maldonado,455117,1,8,5,False,2023-09-06,Stolen,2B,2023,2024,29.8,2024,29.8,2024,85.4,0.69,2024,85.4,0.69,2024, 85.4, 0.69
104,104,104,104,104,1B,2B,Stolen Base 2B,543760,Marcus Semien,434378,Justin Verlander,663993,Nathaniel Lowe,R,Martín Maldonado,455117,2,8,5,False,2023-09-06,Stolen,2B,2023,2024,29.8,2024,29.8,2024,85.4,0.69,2024,85.4,0.69,2024, 85.4, 0.69
105,105,105,105,105,1B,2B,Stolen Base 2B,643396,Isiah Kiner-Falefa,669270,Joel Kuhnel,669224,Austin Wells,R,Martín Maldonado,455117,2,6,9,True,2023-09-01,Stolen,2B,2023,2024,29.8,2024,29.8,2024,85.4,0.69,2024,85.4,0.69,2024, 85.4, 0.69
106,106,106,106,106,1B,2B,Stolen Base 2B,668670,Jake Rogers,664285,Framber Valdez,682985,Riley Greene,L,Martín Maldonado,455117,0,0,2,False,2023-08-25,Stolen,2B,2023,2024,29.8,2024,29.8,2024,85.4,0.69,2024,85.4,0.69,2024, 85.4, 0.69
107,107,107,107,107,1B,2B,Stolen Base 2B,677594,Julio Rodríguez,664285,Framber Valdez,553993,Eugenio Suárez,L,Martín Maldonado,455117,0,1,1,True,2023-08-19,Stolen,2B,2023,2024,29.8,2024,29.8,2024,85.4,0.69,2024,85.4,0.69,2024, 85.4, 0.69
108,108,108,108,108,1B,2B,Stolen Base 2B,676609,José Caballero,664285,Framber Valdez,687799,Cade Marlowe,L,Martín Maldonado,455117,2,6,5,True,2023-08-19,Stolen,2B,2023,2024,29.8,2024,29.8,2024,85.4,0.69,2024,85.4,0.69,2024, 85.4, 0.69
109,109,109,109,109,1B,2B,Stolen Base 2B,677594,Julio Rodríguez,641585,J.P. France,553993,Eugenio Suárez,R,Martín Maldonado,455117,0,0,1,True,2023-08-18,Stolen,2B,2023,2024,29.8,2024,29.8,2024,85.4,0.69,2024,85.4,0.69,2024, 85.4, 0.69
110,110,110,110,110,1B,2B,Stolen Base 2B,677594,Julio Rodríguez,664353,José Urquidy,553993,Eugenio Suárez,R,Martín Maldonado,455117,0,2,9,True,2023-08-18,Stolen,2B,2023,2024,29.8,2024,29.8,2024,85.4,0.69,2024,85.4,0.69,2024, 85.4, 0.69
111,111,111,111,111,2B,3B,Stolen Base 3B,542932,Jon Berti,664285,Framber Valdez,650559,Bryan De La Cruz,L,Martín Maldonado,455117,1,0,3,False,2023-08-14,Stolen,3B,2023,2024,29.8,2024,29.8,2024,85.4,0.69,2024,85.4,0.69,2024, 85.4, 0.69
112,112,112,112,112,1B,2B,Stolen Base 2B,660271,Shohei Ohtani,606160,Rafael Montero,592273,Brandon Drury,R,Martín Maldonado,455117,1,2,9,True,2023-08-13,Stolen,2B,2023,2024,29.8,2024,29.8,2024,85.4,0.69,2024,85.4,0.69,2024, 85.4, 0.69
113,113,113,113,113,1B,2B,Stolen Base 2B,624428,Adam Frazier,606160,Rafael Montero,676059,Jordan Westburg,R,Martín Maldonado,455117,2,3,6,False,2023-08-09,Stolen,2B,2023,2024,29.8,2024,29.8,2024,85.4,0.69,2024,85.4,0.69,2024, 85.4, 0.69
114,114,114,114,114,1B,2B,Stolen Base 2B,656185,Greg Allen,608665,Kendall Graveman,518934,DJ LeMahieu,R,Martín Maldonado,455117,3,1,8,False,2023-08-05,Stolen,2B,2023,2024,29.8,2024,29.8,2024,85.4,0.69,2024,85.4,0.69,2024, 85.4, 0.69
115,115,115,115,115,1B,2B,Stolen Base 2B,664056,Harrison Bader,608665,Kendall Graveman,683011,Anthony Volpe,R,Martín Maldonado,455117,4,3,6,False,2023-08-03,Stolen,2B,2023,2024,29.8,2024,29.8,2024,85.4,0.69,2024,85.4,0.69,2024, 85.4, 0.69
116,116,116,116,116,1B,,Caught Stealing 2B,623912,Harold Ramírez,656232,Brandon Bielak,642350,Jose Siri,R,Martín Maldonado,455117,0,6,5,True,2023-07-30,Caught,2B,2023,2024,29.8,2024,29.8,2024,85.4,0.69,2024,85.4,0.69,2024, 85.4, 0.69
117,117,117,117,117,1B,2B,Stolen Base 2B,668227,Randy Arozarena,664299,Cristian Javier,664040,Brandon Lowe,R,Martín Maldonado,455117,1,3,4,True,2023-07-28,Stolen,2B,2023,2024,29.8,2024,29.8,2024,85.4,0.69,2024,85.4,0.69,2024, 85.4, 0.69
118,118,118,118,118,1B,2B,Stolen Base 2B,664040,Brandon Lowe,664299,Cristian Javier,670623,Isaac Paredes,R,Martín Maldonado,455117,3,3,6,True,2023-07-28,Stolen,2B,2023,2024,29.8,2024,29.8,2024,85.4,0.69,2024,85.4,0.69,2024, 85.4, 0.69
119,119,119,119,119,1B,2B,Stolen Base 2B,677649,Ezequiel Duran,656232,Brandon Bielak,543543,Brad Miller,R,Martín Maldonado,455117,4,5,3,True,2023-07-24,Stolen,2B,2023,2024,29.8,2024,29.8,2024,85.4,0.69,2024,85.4,0.69,2024, 85.4, 0.69
120,120,120,120,120,1B,,Caught Stealing 2B,543760,Marcus Semien,656232,Brandon Bielak,608671,Travis Jankowski,R,Martín Maldonado,455117,4,6,4,True,2023-07-24,Caught,2B,2023,2024,29.8,2024,29.8,2024,85.4,0.69,2024,85.4,0.69,2024, 85.4, 0.69
121,121,121,121,121,1B,,Caught Stealing 2B,680869,Zack Gelof,664299,Cristian Javier,668709,JJ Bleday,R,Martín Maldonado,455117,0,0,4,False,2023-07-22,Caught,2B,2023,2024,29.8,2024,29.8,2024,85.4,0.69,2024,85.4,0.69,2024, 85.4, 0.69
122,122,122,122,122,1B,2B,Stolen Base 2B,607054,Jace Peterson,664208,Phil Maton,691016,Tyler Soderstrom,R,Martín Maldonado,455117,2,1,6,False,2023-07-22,Stolen,2B,2023,2024,29.8,2024,29.8,2024,85.4,0.69,2024,85.4,0.69,2024, 85.4, 0.69
123,123,123,123,123,1B,2B,Stolen Base 2B,643393,Tony Kemp,664285,Framber Valdez,680869,Zack Gelof,L,Martín Maldonado,455117,0,3,3,False,2023-07-21,Stolen,2B,2023,2024,29.8,2024,29.8,2024,85.4,0.69,2024,85.4,0.69,2024, 85.4, 0.69
124,124,124,124,124,1B,,Caught Stealing 2B,669911,Michael Toglia,656232,Brandon Bielak,605612,Harold Castro,R,Martín Maldonado,455117,0,1,5,False,2023-07-19,Caught,2B,2023,2024,29.8,2024,29.8,2024,85.4,0.69,2024,85.4,0.69,2024, 85.4, 0.69
125,125,125,125,125,1B,2B,Stolen Base 2B,623205,Andrew Velazquez,650556,Bryan Abreu,687263,Zach Neto,R,Martín Maldonado,455117,5,7,8,False,2023-07-14,Stolen,2B,2023,2024,29.8,2024,29.8,2024,85.4,0.69,2024,85.4,0.69,2024, 85.4, 0.69
126,126,126,126,126,1B,2B,Stolen Base 2B,677594,Julio Rodríguez,656232,Brandon Bielak,664034,Ty France,R,Martín Maldonado,455117,0,0,4,True,2023-07-09,Stolen,2B,2023,2024,29.8,2024,29.8,2024,85.4,0.69,2024,85.4,0.69,2024, 85.4, 0.69
127,127,127,127,127,1B,2B,Stolen Base 2B,677594,Julio Rodríguez,650556,Bryan Abreu,664034,Ty France,R,Martín Maldonado,455117,1,3,8,True,2023-07-09,Stolen,2B,2023,2024,29.8,2024,29.8,2024,85.4,0.69,2024,85.4,0.69,2024, 85.4, 0.69
128,128,128,128,128,1B,2B,Stolen Base 2B,676609,José Caballero,664285,Framber Valdez,641487,J.P. Crawford,L,Martín Maldonado,455117,2,1,3,True,2023-07-08,Stolen,2B,2023,2024,29.8,2024,29.8,2024,85.4,0.69,2024,85.4,0.69,2024, 85.4, 0.69
129,129,129,129,129,2B,3B,Stolen Base 3B,676609,José Caballero,664285,Framber Valdez,641487,J.P. Crawford,L,Martín Maldonado,455117,2,1,3,True,2023-07-08,Stolen,3B,2023,2024,29.8,2024,29.8,2024,85.4,0.69,2024,85.4,0.69,2024, 85.4, 0.69
130,130,130,130,130,2B,3B,Stolen Base 3B,606192,Teoscar Hernández,664285,Framber Valdez,676609,José Caballero,L,Martín Maldonado,455117,2,2,4,True,2023-07-08,Stolen,3B,2023,2024,29.8,2024,29.8,2024,85.4,0.69,2024,85.4,0.69,2024, 85.4, 0.69
131,131,131,131,131,1B,2B,Stolen Base 2B,543760,Marcus Semien,664299,Cristian Javier,608369,Corey Seager,R,Martín Maldonado,455117,2,6,3,False,2023-07-03,Stolen,2B,2023,2024,29.8,2024,29.8,2024,85.4,0.69,2024,85.4,0.69,2024, 85.4, 0.69
132,132,132,132,132,1B,2B,Stolen Base 2B,543760,Marcus Semien,686613,Hunter Brown,608369,Corey Seager,R,Martín Maldonado,455117,0,0,1,False,2023-07-01,Stolen,2B,2023,2024,29.8,2024,29.8,2024,85.4,0.69,2024,85.4,0.69,2024, 85.4, 0.69
133,133,133,133,133,1B,2B,Stolen Base 2B,608671,Travis Jankowski,686613,Hunter Brown,543760,Marcus Semien,R,Martín Maldonado,455117,3,0,4,False,2023-07-01,Stolen,2B,2023,2024,29.8,2024,29.8,2024,85.4,0.69,2024,85.4,0.69,2024, 85.4, 0.69
134,134,134,134,134,1B,2B,Stolen Base 2B,608671,Travis Jankowski,661527,Seth Martinez,665750,Leody Taveras,R,Martín Maldonado,455117,3,0,6,False,2023-07-01,Stolen,2B,2023,2024,29.8,2024,29.8,2024,85.4,0.69,2024,85.4,0.69,2024, 85.4, 0.69
135,135,135,135,135,1B,2B,Stolen Base 2B,665750,Leody Taveras,606160,Rafael Montero,543760,Marcus Semien,R,Martín Maldonado,455117,4,0,8,False,2023-07-01,Stolen,2B,2023,2024,29.8,2024,29.8,2024,85.4,0.69,2024,85.4,0.69,2024, 85.4, 0.69
136,136,136,136,136,3B,,Caught Stealing Home,657557,Paul DeJong,661527,Seth Martinez,666185,Dylan Carlson,R,Martín Maldonado,455117,7,5,7,False,2023-06-28,Caught,Home,2023,2024,29.8,2024,29.8,2024,85.4,0.69,2024,85.4,0.69,2024, 85.4, 0.69
137,137,137,137,137,1B,2B,Stolen Base 2B,605141,Mookie Betts,606160,Rafael Montero,518692,Freddie Freeman,R,Martín Maldonado,455117,2,4,8,False,2023-06-25,Stolen,2B,2023,2024,29.8,2024,29.8,2024,85.4,0.69,2024,85.4,0.69,2024, 85.4, 0.69
138,138,138,138,138,1B,2B,Stolen Base 2B,676356,Jonny DeLuca,593576,Héctor Neris,444482,David Peralta,R,Martín Maldonado,455117,4,4,8,False,2023-06-25,Stolen,2B,2023,2024,29.8,2024,29.8,2024,85.4,0.69,2024,85.4,0.69,2024, 85.4, 0.69
139,139,139,139,139,1B,2B,Stolen Base 2B,681546,James Outman,641585,J.P. France,500743,Miguel Rojas,R,Martín Maldonado,455117,2,2,4,False,2023-06-23,Stolen,2B,2023,2024,29.8,2024,29.8,2024,85.4,0.69,2024,85.4,0.69,2024, 85.4, 0.69
140,140,140,140,140,1B,2B,Stolen Base 2B,502054,Tommy Pham,664299,Cristian Javier,596129,Daniel Vogelbach,R,Martín Maldonado,455117,2,4,3,True,2023-06-21,Stolen,2B,2023,2024,29.8,2024,29.8,2024,85.4,0.69,2024,85.4,0.69,2024, 85.4, 0.69
141,141,141,141,141,1B,2B,Stolen Base 2B,516782,Starling Marte,661527,Seth Martinez,596019,Francisco Lindor,R,Martín Maldonado,455117,6,4,4,True,2023-06-21,Stolen,2B,2023,2024,29.8,2024,29.8,2024,85.4,0.69,2024,85.4,0.69,2024, 85.4, 0.69
142,142,142,142,142,1B,2B,Stolen Base 2B,502054,Tommy Pham,606160,Rafael Montero,596129,Daniel Vogelbach,R,Martín Maldonado,455117,9,8,6,True,2023-06-21,Stolen,2B,2023,2024,29.8,2024,29.8,2024,85.4,0.69,2024,85.4,0.69,2024, 85.4, 0.69
143,143,143,143,143,1B,2B,Stolen Base 2B,596019,Francisco Lindor,650556,Bryan Abreu,624413,Pete Alonso,R,Martín Maldonado,455117,10,8,8,True,2023-06-21,Stolen,2B,2023,2024,29.8,2024,29.8,2024,85.4,0.69,2024,85.4,0.69,2024, 85.4, 0.69
144,144,144,144,144,1B,2B,Stolen Base 2B,643446,Jeff McNeil,686613,Hunter Brown,683146,Brett Baty,R,Martín Maldonado,455117,0,6,6,True,2023-06-19,Stolen,2B,2023,2024,29.8,2024,29.8,2024,85.4,0.69,2024,85.4,0.69,2024, 85.4, 0.69
145,145,145,145,145,1B,2B,Stolen Base 2B,680574,Matt McLain,641585,J.P. France,663697,Jonathan India,R,Martín Maldonado,455117,0,0,4,True,2023-06-16,Stolen,2B,2023,2024,29.8,2024,29.8,2024,85.4,0.69,2024,85.4,0.69,2024, 85.4, 0.69
146,146,146,146,146,2B,3B,Stolen Base 3B,668715,Spencer Steer,606160,Rafael Montero,686759,TJ Hopkins,R,Martín Maldonado,455117,0,2,9,True,2023-06-16,Stolen,3B,2023,2024,29.8,2024,29.8,2024,85.4,0.69,2024,85.4,0.69,2024, 85.4, 0.69
147,147,147,147,147,1B,,Caught Stealing 2B,572816,Corey Dickerson,664299,Cristian Javier,660688,Keibert Ruiz,R,Martín Maldonado,455117,0,0,2,True,2023-06-15,Caught,2B,2023,2024,29.8,2024,29.8,2024,85.4,0.69,2024,85.4,0.69,2024, 85.4, 0.69
148,148,148,148,148,1B,2B,Stolen Base 2B,600869,Jeimer Candelario,593576,Héctor Neris,572816,Corey Dickerson,R,Martín Maldonado,455117,0,0,8,True,2023-06-15,Stolen,2B,2023,2024,29.8,2024,29.8,2024,85.4,0.69,2024,85.4,0.69,2024, 85.4, 0.69
149,149,149,149,149,1B,,Caught Stealing 2B,600869,Jeimer Candelario,686613,Hunter Brown,572816,Corey Dickerson,R,Martín Maldonado,455117,0,0,4,True,2023-06-13,Caught,2B,2023,2024,29.8,2024,29.8,2024,85.4,0.69,2024,85.4,0.69,2024, 85.4, 0.69
150,150,150,150,150,1B,2B,Stolen Base 2B,680757,Steven Kwan,641585,J.P. France,642708,Amed Rosario,R,Martín Maldonado,455117,1,5,7,False,2023-06-10,Stolen,2B,2023,2024,29.8,2024,29.8,2024,85.4,0.69,2024,85.4,0.69,2024, 85.4, 0.69
151,151,151,151,151,2B,,Caught Stealing 3B,593160,Whit Merrifield,606160,Rafael Montero,662139,Daulton Varsho,R,Martín Maldonado,455117,5,1,8,False,2023-06-06,Caught,3B,2023,2024,29.8,2024,29.8,2024,85.4,0.69,2024,85.4,0.69,2024, 85.4, 0.69
152,152,152,152,152,2B,3B,Stolen Base 3B,657656,Ramón Laureano,664285,Framber Valdez,649557,Aledmys Díaz,L,Martín Maldonado,455117,1,2,2,False,2023-05-27,Stolen,3B,2023,2024,29.8,2024,29.8,2024,85.4,0.69,2024,85.4,0.69,2024, 85.4, 0.69
153,153,153,153,153,1B,2B,Stolen Base 2B,665923,Esteury Ruiz,686613,Hunter Brown,676116,Ryan Noda,R,Martín Maldonado,455117,0,0,1,False,2023-05-26,Stolen,2B,2023,2024,29.8,2024,29.8,2024,85.4,0.69,2024,85.4,0.69,2024, 85.4, 0.69
154,154,154,154,154,2B,3B,Stolen Base 3B,665923,Esteury Ruiz,664285,Framber Valdez,667670,Brent Rooker,L,Martín Maldonado,455117,1,0,6,True,2023-05-21,Stolen,3B,2023,2024,29.8,2024,29.8,2024,85.4,0.69,2024,85.4,0.69,2024, 85.4, 0.69
155,155,155,155,155,1B,2B,Stolen Base 2B,665923,Esteury Ruiz,686613,Hunter Brown,676116,Ryan Noda,R,Martín Maldonado,455117,2,2,6,True,2023-05-20,Stolen,2B,2023,2024,29.8,2024,29.8,2024,85.4,0.69,2024,85.4,0.69,2024, 85.4, 0.69
156,156,156,156,156,1B,2B,Stolen Base 2B,665923,Esteury Ruiz,593576,Héctor Neris,676116,Ryan Noda,R,Martín Maldonado,455117,2,2,8,True,2023-05-20,Stolen,2B,2023,2024,29.8,2024,29.8,2024,85.4,0.69,2024,85.4,0.69,2024, 85.4, 0.69
157,157,157,157,157,1B,2B,Stolen Base 2B,665923,Esteury Ruiz,656232,Brandon Bielak,667670,Brent Rooker,R,Martín Maldonado,455117,1,0,3,True,2023-05-19,Stolen,2B,2023,2024,29.8,2024,29.8,2024,85.4,0.69,2024,85.4,0.69,2024, 85.4, 0.69
158,158,158,158,158,1B,,Caught Stealing 2B,672478,Jordan Diaz,606160,Rafael Montero,676116,Ryan Noda,R,Martín Maldonado,455117,4,1,7,True,2023-05-19,Caught,2B,2023,2024,29.8,2024,29.8,2024,85.4,0.69,2024,85.4,0.69,2024, 85.4, 0.69
159,159,159,159,159,1B,2B,Stolen Base 2B,676116,Ryan Noda,606160,Rafael Montero,667670,Brent Rooker,R,Martín Maldonado,455117,4,1,7,True,2023-05-19,Stolen,2B,2023,2024,29.8,2024,29.8,2024,85.4,0.69,2024,85.4,0.69,2024, 85.4, 0.69
160,160,160,160,160,1B,2B,Stolen Base 2B,621020,Dansby Swanson,664285,Framber Valdez,664023,Ian Happ,L,Martín Maldonado,455117,4,4,4,True,2023-05-15,Stolen,2B,2023,2024,29.8,2024,29.8,2024,85.4,0.69,2024,85.4,0.69,2024, 85.4, 0.69
161,161,161,161,161,2B,3B,Stolen Base 3B,596103,Austin Slater,664285,Framber Valdez,642731,Thairo Estrada,L,Martín Maldonado,455117,0,1,6,True,2023-05-03,Stolen,3B,2023,2024,29.8,2024,29.8,2024,85.4,0.69,2024,85.4,0.69,2024, 85.4, 0.69
162,162,162,162,162,1B,2B,Stolen Base 2B,592663,J.T. Realmuto,664299,Cristian Javier,664761,Alec Bohm,R,Martín Maldonado,455117,0,0,2,True,2023-04-29,Stolen,2B,2023,2024,29.8,2024,29.8,2024,85.4,0.69,2024,85.4,0.69,2024, 85.4, 0.69
163,163,163,163,163,1B,2B,Stolen Base 2B,677551,Wander Franco,664353,José Urquidy,668227,Randy Arozarena,R,Martín Maldonado,455117,1,2,1,False,2023-04-24,Stolen,2B,2023,2024,29.8,2024,29.8,2024,85.4,0.69,2024,85.4,0.69,2024, 85.4, 0.69
164,164,164,164,164,1B,2B,Stolen Base 2B,660670,Ronald Acuña Jr.,664285,Framber Valdez,621566,Matt Olson,L,Martín Maldonado,455117,0,0,1,False,2023-04-22,Stolen,2B,2023,2024,29.8,2024,29.8,2024,85.4,0.69,2024,85.4,0.69,2024, 85.4, 0.69
165,165,165,165,165,2B,3B,Stolen Base 3B,660670,Ronald Acuña Jr.,664285,Framber Valdez,669221,Sean Murphy,L,Martín Maldonado,455117,0,0,1,False,2023-04-22,Stolen,3B,2023,2024,29.8,2024,29.8,2024,85.4,0.69,2024,85.4,0.69,2024, 85.4, 0.69
166,166,166,166,166,1B,2B,Stolen Base 2B,660670,Ronald Acuña Jr.,664285,Framber Valdez,621566,Matt Olson,L,Martín Maldonado,455117,3,4,7,False,2023-04-22,Stolen,2B,2023,2024,29.8,2024,29.8,2024,85.4,0.69,2024,85.4,0.69,2024, 85.4, 0.69
167,167,167,167,167,1B,,Caught Stealing 2B,593160,Whit Merrifield,677651,Luis Garcia,595281,Kevin Kiermaier,R,Martín Maldonado,455117,2,0,5,True,2023-04-19,Caught,2B,2023,2024,29.8,2024,29.8,2024,85.4,0.69,2024,85.4,0.69,2024, 85.4, 0.69
168,168,168,168,168,1B,,Caught Stealing 2B,666182,Bo Bichette,664353,José Urquidy,662139,Daulton Varsho,R,Martín Maldonado,455117,0,0,1,True,2023-04-18,Caught,2B,2023,2024,29.8,2024,29.8,2024,85.4,0.69,2024,85.4,0.69,2024, 85.4, 0.69
169,169,169,169,169,1B,2B,Stolen Base 2B,693049,Oscar Colás,661527,Seth Martinez,462101,Elvis Andrus,R,Martín Maldonado,455117,1,3,8,True,2023-04-02,Stolen,2B,2023,2024,29.8,2024,29.8,2024,85.4,0.69,2024,85.4,0.69,2024, 85.4, 0.69
170,170,170,170,170,1B,2B,Stolen Base 2B,669016,Brandon Marsh,677651,Luis Garcia,683021,Michael Stefanic,R,Martín Maldonado,455117,1,2,2,False,2022-07-12,Stolen,2B,2022,2023,29.4,2023,29.4,2023,85.1,0.66,2023,85.1,0.66,2023, 85.1, 0.66
171,171,171,171,171,1B,2B,Stolen Base 2B,643217,Andrew Benintendi,664299,Cristian Javier,669004,MJ Melendez,R,Martín Maldonado,455117,0,1,1,True,2022-07-06,Stolen,2B,2022,2023,29.4,2023,29.4,2023,85.1,0.66,2023,85.1,0.66,2023, 85.1, 0.66
172,172,172,172,172,1B,2B,Stolen Base 2B,656509,Monte Harrison,664285,Framber Valdez,542340,Jonathan Villar,L,Martín Maldonado,455117,0,1,3,True,2022-07-03,Stolen,2B,2022,2023,29.4,2023,29.4,2023,85.1,0.66,2023,85.1,0.66,2023, 85.1, 0.66
173,173,173,173,173,1B,,Caught Stealing 2B,643396,Isiah Kiner-Falefa,519151,Ryan Pressly,624431,Jose Trevino,R,Martín Maldonado,455117,6,6,9,False,2022-06-23,Caught,2B,2022,2023,29.4,2023,29.4,2023,85.1,0.66,2023,85.1,0.66,2023, 85.1, 0.66
174,174,174,174,174,1B,2B,Stolen Base 2B,666969,Adolis García,677651,Luis Garcia,594777,Kole Calhoun,R,Martín Maldonado,455117,1,6,1,False,2022-06-15,Stolen,2B,2022,2023,29.4,2023,29.4,2023,85.1,0.66,2023,85.1,0.66,2023, 85.1, 0.66
175,175,175,175,175,1B,2B,Stolen Base 2B,543760,Marcus Semien,664299,Cristian Javier,594777,Kole Calhoun,R,Martín Maldonado,455117,1,3,5,False,2022-06-13,Stolen,2B,2022,2023,29.4,2023,29.4,2023,85.1,0.66,2023,85.1,0.66,2023, 85.1, 0.66
176,176,176,176,176,1B,2B,Stolen Base 2B,518586,Charlie Culberson,593576,Héctor Neris,663993,Nathaniel Lowe,R,Martín Maldonado,455117,2,3,8,False,2022-06-13,Stolen,2B,2022,2023,29.4,2023,29.4,2023,85.1,0.66,2023,85.1,0.66,2023, 85.1, 0.66
177,177,177,177,177,1B,2B,Stolen Base 2B,677649,Ezequiel Duran,593576,Héctor Neris,543543,Brad Miller,R,Martín Maldonado,455117,4,3,8,False,2022-06-13,Stolen,2B,2022,2023,29.4,2023,29.4,2023,85.1,0.66,2023,85.1,0.66,2023, 85.1, 0.66
178,178,178,178,178,1B,2B,Stolen Base 2B,663743,Nick Fortes,664285,Framber Valdez,553902,Willians Astudillo,L,Martín Maldonado,455117,0,0,2,True,2022-06-11,Stolen,2B,2022,2023,29.4,2023,29.4,2023,85.1,0.66,2023,85.1,0.66,2023, 85.1, 0.66
179,179,179,179,179,1B,2B,Stolen Base 2B,650559,Bryan De La Cruz,664285,Framber Valdez,663897,Luke Williams,L,Martín Maldonado,455117,1,4,6,True,2022-06-11,Stolen,2B,2022,2023,29.4,2023,29.4,2023,85.1,0.66,2023,85.1,0.66,2023, 85.1, 0.66
180,180,180,180,180,1B,2B,Stolen Base 2B,663897,Luke Williams,606160,Rafael Montero,542932,Jon Berti,R,Martín Maldonado,455117,1,5,9,True,2022-06-11,Stolen,2B,2022,2023,29.4,2023,29.4,2023,85.1,0.66,2023,85.1,0.66,2023, 85.1, 0.66
181,181,181,181,181,1B,2B,Stolen Base 2B,542932,Jon Berti,606160,Rafael Montero,541645,Avisaíl García,R,Martín Maldonado,455117,1,5,9,True,2022-06-11,Stolen,2B,2022,2023,29.4,2023,29.4,2023,85.1,0.66,2023,85.1,0.66,2023, 85.1, 0.66
182,182,182,182,182,1B,2B,Stolen Base 2B,542932,Jon Berti,664208,Phil Maton,500743,Miguel Rojas,R,Martín Maldonado,455117,3,7,6,True,2022-06-10,Stolen,2B,2022,2023,29.4,2023,29.4,2023,85.1,0.66,2023,85.1,0.66,2023, 85.1, 0.66
183,183,183,183,183,1B,2B,Stolen Base 2B,641487,J.P. Crawford,664353,José Urquidy,553993,Eugenio Suárez,R,Martín Maldonado,455117,1,1,3,True,2022-06-08,Stolen,2B,2022,2023,29.4,2023,29.4,2023,85.1,0.66,2023,85.1,0.66,2023, 85.1, 0.66
184,184,184,184,184,1B,2B,Stolen Base 2B,677951,Bobby Witt Jr.,606160,Rafael Montero,521692,Salvador Perez,R,Martín Maldonado,455117,4,0,8,False,2022-06-04,Stolen,2B,2022,2023,29.4,2023,29.4,2023,85.1,0.66,2023,85.1,0.66,2023, 85.1, 0.66
185,185,185,185,185,1B,2B,Stolen Base 2B,608070,José Ramírez,650556,Bryan Abreu,680911,Owen Miller,R,Martín Maldonado,455117,0,6,7,True,2022-05-23,Stolen,2B,2022,2023,29.4,2023,29.4,2023,85.1,0.66,2023,85.1,0.66,2023, 85.1, 0.66
186,186,186,186,186,2B,3B,Stolen Base 3B,543760,Marcus Semien,664285,Framber Valdez,608369,Corey Seager,L,Martín Maldonado,455117,2,1,5,True,2022-05-19,Stolen,3B,2022,2023,29.4,2023,29.4,2023,85.1,0.66,2023,85.1,0.66,2023, 85.1, 0.66
187,187,187,187,187,1B,,Caught Stealing 2B,668731,Akil Baddoo,664353,José Urquidy,595879,Javier Báez,R,Martín Maldonado,455117,1,0,3,True,2022-05-05,Caught,2B,2022,2023,29.4,2023,29.4,2023,85.1,0.66,2023,85.1,0.66,2023, 85.1, 0.66
188,188,188,188,188,1B,,Caught Stealing 2B,677594,Julio Rodríguez,543606,Jake Odorizzi,647351,Abraham Toro,R,Martín Maldonado,455117,0,0,2,True,2022-05-02,Caught,2B,2022,2023,29.4,2023,29.4,2023,85.1,0.66,2023,85.1,0.66,2023, 85.1, 0.66
189,189,189,189,189,1B,,Caught Stealing 2B,666182,Bo Bichette,434378,Justin Verlander,666971,Lourdes Gurriel Jr.,R,Martín Maldonado,455117,0,0,1,True,2022-04-22,Caught,2B,2022,2023,29.4,2023,29.4,2023,85.1,0.66,2023,85.1,0.66,2023, 85.1, 0.66
190,190,190,190,190,1B,2B,Stolen Base 2B,606132,Raimel Tapia,606160,Rafael Montero,666182,Bo Bichette,R,Martín Maldonado,455117,3,3,8,True,2022-04-22,Stolen,2B,2022,2023,29.4,2023,29.4,2023,85.1,0.66,2023,85.1,0.66,2023, 85.1, 0.66
191,191,191,191,191,1B,,Caught Stealing 2B,669016,Brandon Marsh,650556,Bryan Abreu,623205,Andrew Velazquez,R,Martín Maldonado,455117,1,7,5,True,2022-04-19,Caught,2B,2022,2023,29.4,2023,29.4,2023,85.1,0.66,2023,85.1,0.66,2023, 85.1, 0.66
192,192,192,192,192,1B,2B,Stolen Base 2B,623205,Andrew Velazquez,650556,Bryan Abreu,621493,Taylor Ward,R,Martín Maldonado,455117,1,7,6,True,2022-04-19,Stolen,2B,2022,2023,29.4,2023,29.4,2023,85.1,0.66,2023,85.1,0.66,2023, 85.1, 0.66
193,193,193,193,193,1B,,Caught Stealing 2B,672284,Jarred Kelenic,543606,Jake Odorizzi,677594,Julio Rodríguez,R,Martín Maldonado,455117,1,0,4,False,2022-04-15,Caught,2B,2022,2023,29.4,2023,29.4,2023,85.1,0.66,2023,85.1,0.66,2023, 85.1, 0.66
194,194,194,194,194,1B,2B,Stolen Base 2B,691645,Jefrey De Los Santos,672774,Ronny Garcia,608671,Travis Jankowski,R,Martín Maldonado,455117,2,3,8,True,2022-04-04,Stolen,2B,2022,2023,29.4,2023,29.4,2023,85.1,0.66,2023,85.1,0.66,2023, 85.1, 0.66
